County,Cases,Deaths,Date,State,Abbr,FIPS
Allegany,33,1,2020-04-18,Maryland,MD,24001
Anne Arundel,1047,46,2020-04-18,Maryland,MD,24003
Baltimore City,1392,51,2020-04-18,Maryland,MD,24510
Baltimore County,1733,50,2020-04-18,Maryland,MD,NA
Calvert,113,3,2020-04-18,Maryland,MD,24009
Caroline,33,0,2020-04-18,Maryland,MD,24011
Carroll,313,28,2020-04-18,Maryland,MD,24013
Cecil,131,3,2020-04-18,Maryland,MD,24015
Charles,370,17,2020-04-18,Maryland,MD,24017
Dorchester,21,1,2020-04-18,Maryland,MD,24019
Frederick,591,30,2020-04-18,Maryland,MD,24021
Garrett,4,0,2020-04-18,Maryland,MD,24023
Harford,210,6,2020-04-18,Maryland,MD,24025
Howard,515,12,2020-04-18,Maryland,MD,24027
Kent,18,1,2020-04-18,Maryland,MD,24029
Montgomery,2507,96,2020-04-18,Maryland,MD,24031
Prince Georges,3345,105,2020-04-18,Maryland,MD,24033
Queen Annes,25,2,2020-04-18,Maryland,MD,24035
St Marys,105,2,2020-04-18,Maryland,MD,24037
Somerset,10,0,2020-04-18,Maryland,MD,24039
Talbot,19,1,2020-04-18,Maryland,MD,24041
Washington,117,3,2020-04-18,Maryland,MD,24043
Wicomico,145,3,2020-04-18,Maryland,MD,24045
Worcester,33,0,2020-04-18,Maryland,MD,24047
Data Not Available,0,87,2020-04-18,Maryland,MD,NA
Allegany,33,1,2020-04-17,Maryland,MD,24001
Anne Arundel,1005,41,2020-04-17,Maryland,MD,24003
Baltimore City,1378,43,2020-04-17,Maryland,MD,24510
Baltimore County,1664,45,2020-04-17,Maryland,MD,NA
Calvert,109,2,2020-04-17,Maryland,MD,24009
Caroline,33,0,2020-04-17,Maryland,MD,24011
Carroll,308,28,2020-04-17,Maryland,MD,24013
Cecil,131,3,2020-04-17,Maryland,MD,24015
Charles,347,16,2020-04-17,Maryland,MD,24017
Dorchester,20,1,2020-04-17,Maryland,MD,24019
Frederick,557,31,2020-04-17,Maryland,MD,24021
Garrett,4,0,2020-04-17,Maryland,MD,24023
Harford,195,5,2020-04-17,Maryland,MD,24025
Howard,508,12,2020-04-17,Maryland,MD,24027
Kent,16,1,2020-04-17,Maryland,MD,24029
Montgomery,2404,86,2020-04-17,Maryland,MD,24031
Prince Georges,3160,95,2020-04-17,Maryland,MD,24033
Queen Annes,24,2,2020-04-17,Maryland,MD,24035
St Marys,101,1,2020-04-17,Maryland,MD,24037
Somerset,10,0,2020-04-17,Maryland,MD,24039
Talbot,16,1,2020-04-17,Maryland,MD,24041
Washington,116,3,2020-04-17,Maryland,MD,24043
Wicomico,138,1,2020-04-17,Maryland,MD,24045
Worcester,31,0,2020-04-17,Maryland,MD,24047
Data Not Available,0,116,2020-04-17,Maryland,MD,NA
Allegany,26,1,2020-04-16,Maryland,MD,24001
Anne Arundel,966,40,2020-04-16,Maryland,MD,24003
Baltimore City,1273,42,2020-04-16,Maryland,MD,24510
Baltimore County,1569,44,2020-04-16,Maryland,MD,NA
Calvert,109,2,2020-04-16,Maryland,MD,24009
Caroline,28,0,2020-04-16,Maryland,MD,24011
Carroll,288,27,2020-04-16,Maryland,MD,24013
Cecil,127,2,2020-04-16,Maryland,MD,24015
Charles,337,15,2020-04-16,Maryland,MD,24017
Dorchester,20,1,2020-04-16,Maryland,MD,24019
Frederick,525,30,2020-04-16,Maryland,MD,24021
Garrett,4,0,2020-04-16,Maryland,MD,24023
Harford,176,6,2020-04-16,Maryland,MD,24025
Howard,475,11,2020-04-16,Maryland,MD,24027
Kent,14,1,2020-04-16,Maryland,MD,24029
Montgomery,2280,78,2020-04-16,Maryland,MD,24031
Prince Georges,2966,87,2020-04-16,Maryland,MD,24033
Queen Annes,19,1,2020-04-16,Maryland,MD,24035
St Marys,100,1,2020-04-16,Maryland,MD,24037
Somerset,9,0,2020-04-16,Maryland,MD,24039
Talbot,14,1,2020-04-16,Maryland,MD,24041
Washington,116,1,2020-04-16,Maryland,MD,24043
Wicomico,103,1,2020-04-16,Maryland,MD,24045
Worcester,28,0,2020-04-16,Maryland,MD,24047
Data Not Available,0,102,2020-04-16,Maryland,MD,NA
Allegany,20,1,2020-04-15,Maryland,MD,24001
Anne Arundel,896,35,2020-04-15,Maryland,MD,24003
Baltimore City,1160,35,2020-04-15,Maryland,MD,24510
Baltimore County,1516,37,2020-04-15,Maryland,MD,NA
Calvert,103,1,2020-04-15,Maryland,MD,24009
Caroline,23,0,2020-04-15,Maryland,MD,24011
Carroll,283,23,2020-04-15,Maryland,MD,24013
Cecil,101,2,2020-04-15,Maryland,MD,24015
Charles,327,13,2020-04-15,Maryland,MD,24017
Dorchester,18,1,2020-04-15,Maryland,MD,24019
Frederick,497,29,2020-04-15,Maryland,MD,24021
Garrett,4,0,2020-04-15,Maryland,MD,24023
Harford,161,4,2020-04-15,Maryland,MD,24025
Howard,451,11,2020-04-15,Maryland,MD,24027
Kent,11,1,2020-04-15,Maryland,MD,24029
Montgomery,2133,70,2020-04-15,Maryland,MD,24031
Prince Georges,2722,80,2020-04-15,Maryland,MD,24033
Queen Annes,19,1,2020-04-15,Maryland,MD,24035
St Marys,98,1,2020-04-15,Maryland,MD,24037
Somerset,6,0,2020-04-15,Maryland,MD,24039
Talbot,14,1,2020-04-15,Maryland,MD,24041
Washington,109,1,2020-04-15,Maryland,MD,24043
Wicomico,87,1,2020-04-15,Maryland,MD,24045
Worcester,25,0,2020-04-15,Maryland,MD,24047
Data Not Available,0,111,2020-04-15,Maryland,MD,NA
Allegany,17,1,2020-04-14,Maryland,MD,24001
Anne Arundel,845,30,2020-04-14,Maryland,MD,24003
Baltimore City,1060,27,2020-04-14,Maryland,MD,24510
Baltimore County,1485,32,2020-04-14,Maryland,MD,NA
Calvert,102,1,2020-04-14,Maryland,MD,24009
Caroline,22,0,2020-04-14,Maryland,MD,24011
Carroll,262,22,2020-04-14,Maryland,MD,24013
Cecil,90,2,2020-04-14,Maryland,MD,24015
Charles,310,11,2020-04-14,Maryland,MD,24017
Dorchester,16,1,2020-04-14,Maryland,MD,24019
Frederick,442,27,2020-04-14,Maryland,MD,24021
Garrett,4,0,2020-04-14,Maryland,MD,24023
Harford,152,3,2020-04-14,Maryland,MD,24025
Howard,424,10,2020-04-14,Maryland,MD,24027
Kent,11,1,2020-04-14,Maryland,MD,24029
Montgomery,1933,58,2020-04-14,Maryland,MD,24031
Prince Georges,2516,76,2020-04-14,Maryland,MD,24033
Queen Annes,19,1,2020-04-14,Maryland,MD,24035
St Marys,99,1,2020-04-14,Maryland,MD,24037
Somerset,5,0,2020-04-14,Maryland,MD,24039
Talbot,14,1,2020-04-14,Maryland,MD,24041
Washington,106,0,2020-04-14,Maryland,MD,24043
Wicomico,76,1,2020-04-14,Maryland,MD,24045
Worcester,22,0,2020-04-14,Maryland,MD,24047
Data Not Available,0,107,2020-04-14,Maryland,MD,NA
Allegany,17,NA,2020-04-13,Maryland,MD,24001
Anne Arundel,783,32,2020-04-13,Maryland,MD,24003
Baltimore City,962,29,2020-04-13,Maryland,MD,24510
Baltimore County,1377,41,2020-04-13,Maryland,MD,NA
Calvert,99,1,2020-04-13,Maryland,MD,24009
Caroline,21,NA,2020-04-13,Maryland,MD,24011
Carroll,259,29,2020-04-13,Maryland,MD,24013
Cecil,85,2,2020-04-13,Maryland,MD,24015
Charles,292,12,2020-04-13,Maryland,MD,24017
Dorchester,14,1,2020-04-13,Maryland,MD,24019
Frederick,441,14,2020-04-13,Maryland,MD,24021
Garrett,4,NA,2020-04-13,Maryland,MD,24023
Harford,147,NA,2020-04-13,Maryland,MD,24025
Howard,403,9,2020-04-13,Maryland,MD,24027
Kent,11,NA,2020-04-13,Maryland,MD,24029
Montgomery,1883,54,2020-04-13,Maryland,MD,24031
Prince Georges,2356,72,2020-04-13,Maryland,MD,24033
Queen Annes,19,NA,2020-04-13,Maryland,MD,24035
St Marys,98,3,2020-04-13,Maryland,MD,24037
Somerset,5,NA,2020-04-13,Maryland,MD,24039
Talbot,16,1,2020-04-13,Maryland,MD,24041
Washington,96,1,2020-04-13,Maryland,MD,24043
Wicomico,63,1,2020-04-13,Maryland,MD,24045
Worcester,21,NA,2020-04-13,Maryland,MD,24047
Allegany,15,NA,2020-04-12,Maryland,MD,24001
Anne Arundel,724,29,2020-04-12,Maryland,MD,24003
Baltimore City,873,26,2020-04-12,Maryland,MD,24510
Baltimore County,1361,31,2020-04-12,Maryland,MD,NA
Calvert,94,1,2020-04-12,Maryland,MD,24009
Caroline,21,NA,2020-04-12,Maryland,MD,24011
Carroll,250,28,2020-04-12,Maryland,MD,24013
Cecil,83,1,2020-04-12,Maryland,MD,24015
Charles,274,10,2020-04-12,Maryland,MD,24017
Dorchester,12,1,2020-04-12,Maryland,MD,24019
Frederick,417,12,2020-04-12,Maryland,MD,24021
Garrett,4,NA,2020-04-12,Maryland,MD,24023
Harford,142,NA,2020-04-12,Maryland,MD,24025
Howard,386,8,2020-04-12,Maryland,MD,24027
Kent,11,NA,2020-04-12,Maryland,MD,24029
Montgomery,1756,48,2020-04-12,Maryland,MD,24031
Prince Georges,2205,63,2020-04-12,Maryland,MD,24033
Queen Annes,19,NA,2020-04-12,Maryland,MD,24035
St Marys,95,1,2020-04-12,Maryland,MD,24037
Somerset,6,NA,2020-04-12,Maryland,MD,24039
Talbot,16,1,2020-04-12,Maryland,MD,24041
Washington,93,1,2020-04-12,Maryland,MD,24043
Wicomico,58,1,2020-04-12,Maryland,MD,24045
Worcester,21,NA,2020-04-12,Maryland,MD,24047
Allegany,13,NA,2020-04-11,Maryland,MD,24001
Anne Arundel,659,27,2020-04-11,Maryland,MD,24003
Baltimore City,812,24,2020-04-11,Maryland,MD,24510
Baltimore County,1257,30,2020-04-11,Maryland,MD,NA
Calvert,90,1,2020-04-11,Maryland,MD,24009
Caroline,17,NA,2020-04-11,Maryland,MD,24011
Carroll,236,25,2020-04-11,Maryland,MD,24013
Cecil,74,1,2020-04-11,Maryland,MD,24015
Charles,253,9,2020-04-11,Maryland,MD,24017
Dorchester,9,NA,2020-04-11,Maryland,MD,24019
Frederick,368,12,2020-04-11,Maryland,MD,24021
Garrett,4,NA,2020-04-11,Maryland,MD,24023
Harford,129,NA,2020-04-11,Maryland,MD,24025
Howard,371,6,2020-04-11,Maryland,MD,24027
Kent,11,NA,2020-04-11,Maryland,MD,24029
Montgomery,1631,42,2020-04-11,Maryland,MD,24031
Prince Georges,2035,55,2020-04-11,Maryland,MD,24033
Queen Annes,19,NA,2020-04-11,Maryland,MD,24035
St Marys,82,NA,2020-04-11,Maryland,MD,24037
Somerset,4,NA,2020-04-11,Maryland,MD,24039
Talbot,14,1,2020-04-11,Maryland,MD,24041
Washington,75,1,2020-04-11,Maryland,MD,24043
Wicomico,42,1,2020-04-11,Maryland,MD,24045
Worcester,20,NA,2020-04-11,Maryland,MD,24047
Allegany,11,NA,2020-04-10,Maryland,MD,24001
Anne Arundel,615,19,2020-04-10,Maryland,MD,24003
Baltimore City,756,22,2020-04-10,Maryland,MD,24510
Baltimore County,1173,26,2020-04-10,Maryland,MD,NA
Calvert,82,1,2020-04-10,Maryland,MD,24009
Caroline,15,NA,2020-04-10,Maryland,MD,24011
Carroll,214,25,2020-04-10,Maryland,MD,24013
Cecil,66,1,2020-04-10,Maryland,MD,24015
Charles,235,5,2020-04-10,Maryland,MD,24017
Dorchester,8,NA,2020-04-10,Maryland,MD,24019
Frederick,341,11,2020-04-10,Maryland,MD,24021
Garrett,4,NA,2020-04-10,Maryland,MD,24023
Harford,120,1,2020-04-10,Maryland,MD,24025
Howard,351,6,2020-04-10,Maryland,MD,24027
Kent,10,NA,2020-04-10,Maryland,MD,24029
Montgomery,1537,36,2020-04-10,Maryland,MD,24031
Prince Georges,1923,50,2020-04-10,Maryland,MD,24033
Queen Annes,19,NA,2020-04-10,Maryland,MD,24035
St Marys,73,NA,2020-04-10,Maryland,MD,24037
Somerset,4,NA,2020-04-10,Maryland,MD,24039
Talbot,13,1,2020-04-10,Maryland,MD,24041
Washington,72,1,2020-04-10,Maryland,MD,24043
Wicomico,33,1,2020-04-10,Maryland,MD,24045
Worcester,19,NA,2020-04-10,Maryland,MD,24047
Allegany,10,NA,2020-04-09,Maryland,MD,24001
Anne Arundel,554,16,2020-04-09,Maryland,MD,24003
Baltimore City,689,17,2020-04-09,Maryland,MD,24510
Baltimore County,1072,21,2020-04-09,Maryland,MD,NA
Calvert,76,1,2020-04-09,Maryland,MD,24009
Caroline,12,NA,2020-04-09,Maryland,MD,24011
Carroll,214,19,2020-04-09,Maryland,MD,24013
Cecil,64,1,2020-04-09,Maryland,MD,24015
Charles,220,4,2020-04-09,Maryland,MD,24017
Dorchester,7,NA,2020-04-09,Maryland,MD,24019
Frederick,289,9,2020-04-09,Maryland,MD,24021
Garrett,4,NA,2020-04-09,Maryland,MD,24023
Harford,110,NA,2020-04-09,Maryland,MD,24025
Howard,319,5,2020-04-09,Maryland,MD,24027
Kent,9,NA,2020-04-09,Maryland,MD,24029
Montgomery,1388,34,2020-04-09,Maryland,MD,24031
Prince Georges,1716,42,2020-04-09,Maryland,MD,24033
Queen Annes,17,NA,2020-04-09,Maryland,MD,24035
St Marys,71,NA,2020-04-09,Maryland,MD,24037
Somerset,4,NA,2020-04-09,Maryland,MD,24039
Talbot,13,1,2020-04-09,Maryland,MD,24041
Washington,66,NA,2020-04-09,Maryland,MD,24043
Wicomico,28,1,2020-04-09,Maryland,MD,24045
Worcester,16,NA,2020-04-09,Maryland,MD,24047
Allegany,8,NA,2020-04-08,Maryland,MD,24001
Anne Arundel,505,12,2020-04-08,Maryland,MD,24003
Baltimore City,638,13,2020-04-08,Maryland,MD,24510
Baltimore County,979,16,2020-04-08,Maryland,MD,NA
Calvert,66,1,2020-04-08,Maryland,MD,24009
Caroline,12,NA,2020-04-08,Maryland,MD,24011
Carroll,203,18,2020-04-08,Maryland,MD,24013
Cecil,54,1,2020-04-08,Maryland,MD,24015
Charles,180,3,2020-04-08,Maryland,MD,24017
Dorchester,7,NA,2020-04-08,Maryland,MD,24019
Frederick,233,4,2020-04-08,Maryland,MD,24021
Garrett,5,NA,2020-04-08,Maryland,MD,24023
Harford,101,NA,2020-04-08,Maryland,MD,24025
Howard,299,4,2020-04-08,Maryland,MD,24027
Kent,9,NA,2020-04-08,Maryland,MD,24029
Montgomery,1214,29,2020-04-08,Maryland,MD,24031
Prince Georges,1476,35,2020-04-08,Maryland,MD,24033
Queen Annes,17,NA,2020-04-08,Maryland,MD,24035
St Marys,65,NA,2020-04-08,Maryland,MD,24037
Somerset,4,NA,2020-04-08,Maryland,MD,24039
Talbot,13,1,2020-04-08,Maryland,MD,24041
Washington,60,NA,2020-04-08,Maryland,MD,24043
Wicomico,21,1,2020-04-08,Maryland,MD,24045
Worcester,16,NA,2020-04-08,Maryland,MD,24047
Allegany,6,NA,2020-04-07,Maryland,MD,24001
Anne Arundel,466,11,2020-04-07,Maryland,MD,24003
Baltimore City,571,10,2020-04-07,Maryland,MD,24510
Baltimore County,866,13,2020-04-07,Maryland,MD,NA
Calvert,56,2,2020-04-07,Maryland,MD,24009
Caroline,11,NA,2020-04-07,Maryland,MD,24011
Carroll,186,18,2020-04-07,Maryland,MD,24013
Cecil,49,1,2020-04-07,Maryland,MD,24015
Charles,164,2,2020-04-07,Maryland,MD,24017
Dorchester,4,NA,2020-04-07,Maryland,MD,24019
Frederick,199,4,2020-04-07,Maryland,MD,24021
Garrett,5,NA,2020-04-07,Maryland,MD,24023
Harford,86,NA,2020-04-07,Maryland,MD,24025
Howard,274,3,2020-04-07,Maryland,MD,24027
Kent,9,NA,2020-04-07,Maryland,MD,24029
Montgomery,1088,26,2020-04-07,Maryland,MD,24031
Prince Georges,1310,32,2020-04-07,Maryland,MD,24033
Queen Annes,16,NA,2020-04-07,Maryland,MD,24035
St Marys,62,NA,2020-04-07,Maryland,MD,24037
Somerset,4,NA,2020-04-07,Maryland,MD,24039
Talbot,10,1,2020-04-07,Maryland,MD,24041
Washington,57,NA,2020-04-07,Maryland,MD,24043
Wicomico,20,1,2020-04-07,Maryland,MD,24045
Worcester,10,NA,2020-04-07,Maryland,MD,24047
Allegany,7,NA,2020-04-06,Maryland,MD,24001
Anne Arundel,370,8,2020-04-06,Maryland,MD,24003
Baltimore City,459,9,2020-04-06,Maryland,MD,24510
Baltimore County,652,11,2020-04-06,Maryland,MD,NA
Calvert,41,1,2020-04-06,Maryland,MD,24009
Caroline,11,NA,2020-04-06,Maryland,MD,24011
Carroll,159,16,2020-04-06,Maryland,MD,24013
Cecil,41,1,2020-04-06,Maryland,MD,24015
Charles,136,2,2020-04-06,Maryland,MD,24017
Dorchester,3,NA,2020-04-06,Maryland,MD,24019
Frederick,151,4,2020-04-06,Maryland,MD,24021
Garrett,3,NA,2020-04-06,Maryland,MD,24023
Harford,59,NA,2020-04-06,Maryland,MD,24025
Howard,236,3,2020-04-06,Maryland,MD,24027
Kent,8,NA,2020-04-06,Maryland,MD,24029
Montgomery,871,21,2020-04-06,Maryland,MD,24031
Prince Georges,1020,26,2020-04-06,Maryland,MD,24033
Queen Annes,15,NA,2020-04-06,Maryland,MD,24035
St Marys,46,NA,2020-04-06,Maryland,MD,24037
Somerset,4,NA,2020-04-06,Maryland,MD,24039
Talbot,8,NA,2020-04-06,Maryland,MD,24041
Washington,44,NA,2020-04-06,Maryland,MD,24043
Wicomico,17,1,2020-04-06,Maryland,MD,24045
Worcester,10,NA,2020-04-06,Maryland,MD,24047
Allegany,6,NA,2020-04-05,Maryland,MD,24001
Anne Arundel,343,8,2020-04-05,Maryland,MD,24003
Baltimore City,435,8,2020-04-05,Maryland,MD,24510
Baltimore County,648,11,2020-04-05,Maryland,MD,NA
Calvert,40,1,2020-04-05,Maryland,MD,24009
Caroline,6,NA,2020-04-05,Maryland,MD,24011
Carroll,150,10,2020-04-05,Maryland,MD,24013
Cecil,37,1,2020-04-05,Maryland,MD,24015
Charles,129,2,2020-04-05,Maryland,MD,24017
Dorchester,1,NA,2020-04-05,Maryland,MD,24019
Frederick,138,4,2020-04-05,Maryland,MD,24021
Garrett,3,NA,2020-04-05,Maryland,MD,24023
Harford,55,NA,2020-04-05,Maryland,MD,24025
Howard,214,3,2020-04-05,Maryland,MD,24027
Kent,5,NA,2020-04-05,Maryland,MD,24029
Montgomery,793,19,2020-04-05,Maryland,MD,24031
Prince Georges,916,23,2020-04-05,Maryland,MD,24033
Queen Annes,15,NA,2020-04-05,Maryland,MD,24035
St Marys,41,NA,2020-04-05,Maryland,MD,24037
Somerset,4,NA,2020-04-05,Maryland,MD,24039
Talbot,8,NA,2020-04-05,Maryland,MD,24041
Washington,37,NA,2020-04-05,Maryland,MD,24043
Wicomico,11,1,2020-04-05,Maryland,MD,24045
Worcester,10,NA,2020-04-05,Maryland,MD,24047
Allegany,6,NA,2020-04-04,Maryland,MD,24001
Anne Arundel,319,6,2020-04-04,Maryland,MD,24003
Baltimore City,394,7,2020-04-04,Maryland,MD,24510
Baltimore County,590,6,2020-04-04,Maryland,MD,NA
Calvert,39,1,2020-04-04,Maryland,MD,24009
Caroline,4,NA,2020-04-04,Maryland,MD,24011
Carroll,142,8,2020-04-04,Maryland,MD,24013
Cecil,36,1,2020-04-04,Maryland,MD,24015
Charles,111,2,2020-04-04,Maryland,MD,24017
Dorchester,1,NA,2020-04-04,Maryland,MD,24019
Frederick,112,3,2020-04-04,Maryland,MD,24021
Garrett,3,NA,2020-04-04,Maryland,MD,24023
Harford,52,NA,2020-04-04,Maryland,MD,24025
Howard,199,3,2020-04-04,Maryland,MD,24027
Kent,5,NA,2020-04-04,Maryland,MD,24029
Montgomery,693,13,2020-04-04,Maryland,MD,24031
Prince Georges,785,16,2020-04-04,Maryland,MD,24033
Queen Annes,13,NA,2020-04-04,Maryland,MD,24035
St Marys,40,NA,2020-04-04,Maryland,MD,24037
Somerset,4,NA,2020-04-04,Maryland,MD,24039
Talbot,7,NA,2020-04-04,Maryland,MD,24041
Washington,34,NA,2020-04-04,Maryland,MD,24043
Wicomico,11,1,2020-04-04,Maryland,MD,24045
Worcester,9,NA,2020-04-04,Maryland,MD,24047
Allegany,3,NA,2020-04-03,Maryland,MD,24001
Anne Arundel,289,6,2020-04-03,Maryland,MD,24003
Baltimore City,343,6,2020-04-03,Maryland,MD,24510
Baltimore County,491,4,2020-04-03,Maryland,MD,NA
Calvert,33,1,2020-04-03,Maryland,MD,24009
Caroline,4,NA,2020-04-03,Maryland,MD,24011
Carroll,134,6,2020-04-03,Maryland,MD,24013
Cecil,33,1,2020-04-03,Maryland,MD,24015
Charles,95,1,2020-04-03,Maryland,MD,24017
Dorchester,1,NA,2020-04-03,Maryland,MD,24019
Frederick,73,2,2020-04-03,Maryland,MD,24021
Garrett,3,NA,2020-04-03,Maryland,MD,24023
Harford,44,NA,2020-04-03,Maryland,MD,24025
Howard,180,3,2020-04-03,Maryland,MD,24027
Kent,5,NA,2020-04-03,Maryland,MD,24029
Montgomery,640,9,2020-04-03,Maryland,MD,24031
Prince Georges,653,13,2020-04-03,Maryland,MD,24033
Queen Annes,13,NA,2020-04-03,Maryland,MD,24035
St Marys,34,NA,2020-04-03,Maryland,MD,24037
Somerset,4,NA,2020-04-03,Maryland,MD,24039
Talbot,6,NA,2020-04-03,Maryland,MD,24041
Washington,29,NA,2020-04-03,Maryland,MD,24043
Wicomico,8,1,2020-04-03,Maryland,MD,24045
Worcester,7,NA,2020-04-03,Maryland,MD,24047
Allegany,2,NA,2020-04-02,Maryland,MD,24001
Anne Arundel,249,4,2020-04-02,Maryland,MD,24003
Baltimore City,313,4,2020-04-02,Maryland,MD,24510
Baltimore County,427,3,2020-04-02,Maryland,MD,NA
Calvert,30,1,2020-04-02,Maryland,MD,24009
Caroline,4,NA,2020-04-02,Maryland,MD,24011
Carroll,129,5,2020-04-02,Maryland,MD,24013
Cecil,25,1,2020-04-02,Maryland,MD,24015
Charles,90,1,2020-04-02,Maryland,MD,24017
Dorchester,1,NA,2020-04-02,Maryland,MD,24019
Frederick,54,2,2020-04-02,Maryland,MD,24021
Garrett,3,NA,2020-04-02,Maryland,MD,24023
Harford,41,NA,2020-04-02,Maryland,MD,24025
Howard,166,2,2020-04-02,Maryland,MD,24027
Kent,5,NA,2020-04-02,Maryland,MD,24029
Montgomery,566,9,2020-04-02,Maryland,MD,24031
Prince Georges,563,9,2020-04-02,Maryland,MD,24033
Queen Annes,12,NA,2020-04-02,Maryland,MD,24035
St Marys,30,NA,2020-04-02,Maryland,MD,24037
Somerset,4,NA,2020-04-02,Maryland,MD,24039
Talbot,5,NA,2020-04-02,Maryland,MD,24041
Washington,27,NA,2020-04-02,Maryland,MD,24043
Wicomico,7,1,2020-04-02,Maryland,MD,24045
Worcester,5,NA,2020-04-02,Maryland,MD,24047
Allegany,1,NA,2020-04-01,Maryland,MD,24001
Anne Arundel,206,NA,2020-04-01,Maryland,MD,24003
Baltimore City,265,NA,2020-04-01,Maryland,MD,24510
Baltimore County,353,NA,2020-04-01,Maryland,MD,NA
Calvert,22,NA,2020-04-01,Maryland,MD,24009
Caroline,4,NA,2020-04-01,Maryland,MD,24011
Carroll,105,NA,2020-04-01,Maryland,MD,24013
Cecil,20,NA,2020-04-01,Maryland,MD,24015
Charles,69,NA,2020-04-01,Maryland,MD,24017
Dorchester,1,NA,2020-04-01,Maryland,MD,24019
Frederick,45,NA,2020-04-01,Maryland,MD,24021
Garrett,3,NA,2020-04-01,Maryland,MD,24023
Harford,37,NA,2020-04-01,Maryland,MD,24025
Howard,152,NA,2020-04-01,Maryland,MD,24027
Kent,5,NA,2020-04-01,Maryland,MD,24029
Montgomery,498,NA,2020-04-01,Maryland,MD,24031
Prince Georges,473,NA,2020-04-01,Maryland,MD,24033
Queen Annes,8,NA,2020-04-01,Maryland,MD,24035
St Marys,27,NA,2020-04-01,Maryland,MD,24037
Somerset,4,NA,2020-04-01,Maryland,MD,24039
Talbot,4,NA,2020-04-01,Maryland,MD,24041
Washington,17,NA,2020-04-01,Maryland,MD,24043
Wicomico,7,NA,2020-04-01,Maryland,MD,24045
Worcester,5,NA,2020-04-01,Maryland,MD,24047
Anne Arundel,158,NA,2020-03-31,Maryland,MD,24003
Baltimore City,221,NA,2020-03-31,Maryland,MD,24510
Baltimore County,289,NA,2020-03-31,Maryland,MD,NA
Calvert,18,NA,2020-03-31,Maryland,MD,24009
Caroline,4,NA,2020-03-31,Maryland,MD,24011
Carroll,96,NA,2020-03-31,Maryland,MD,24013
Cecil,16,NA,2020-03-31,Maryland,MD,24015
Charles,56,NA,2020-03-31,Maryland,MD,24017
Dorchester,1,NA,2020-03-31,Maryland,MD,24019
Frederick,35,NA,2020-03-31,Maryland,MD,24021
Garrett,3,NA,2020-03-31,Maryland,MD,24023
Harford,34,NA,2020-03-31,Maryland,MD,24025
Howard,142,NA,2020-03-31,Maryland,MD,24027
Kent,3,NA,2020-03-31,Maryland,MD,24029
Montgomery,447,NA,2020-03-31,Maryland,MD,24031
Prince Georges,403,NA,2020-03-31,Maryland,MD,24033
Queen Annes,7,NA,2020-03-31,Maryland,MD,24035
St. Marys,19,NA,2020-03-31,Maryland,MD,NA
Somerset,4,NA,2020-03-31,Maryland,MD,24039
Talbot,3,NA,2020-03-31,Maryland,MD,24041
Washington,15,NA,2020-03-31,Maryland,MD,24043
Wicomico,7,NA,2020-03-31,Maryland,MD,24045
Worcester,4,NA,2020-03-31,Maryland,MD,24047
Anne Arundel,127,NA,2020-03-30,Maryland,MD,24003
Baltimore City,187,NA,2020-03-30,Maryland,MD,24510
Baltimore County,227,NA,2020-03-30,Maryland,MD,NA
Calvert,15,NA,2020-03-30,Maryland,MD,24009
Caroline,4,NA,2020-03-30,Maryland,MD,24011
Carroll,92,NA,2020-03-30,Maryland,MD,24013
Cecil,14,NA,2020-03-30,Maryland,MD,24015
Charles,40,NA,2020-03-30,Maryland,MD,24017
Frederick,33,NA,2020-03-30,Maryland,MD,24021
Garrett,3,NA,2020-03-30,Maryland,MD,24023
Harford,25,NA,2020-03-30,Maryland,MD,24025
Howard,117,NA,2020-03-30,Maryland,MD,24027
Kent,3,NA,2020-03-30,Maryland,MD,24029
Montgomery,388,NA,2020-03-30,Maryland,MD,24031
Prince Georges,341,NA,2020-03-30,Maryland,MD,24033
Queen Annes,4,NA,2020-03-30,Maryland,MD,24035
St. Marys,15,NA,2020-03-30,Maryland,MD,NA
Somerset,1,NA,2020-03-30,Maryland,MD,24039
Talbot,3,NA,2020-03-30,Maryland,MD,24041
Washington,11,NA,2020-03-30,Maryland,MD,24043
Wicomico,7,NA,2020-03-30,Maryland,MD,24045
Worcester,3,NA,2020-03-30,Maryland,MD,24047
Anne Arundel,110,NA,2020-03-29,Maryland,MD,24003
Baltimore City,152,NA,2020-03-29,Maryland,MD,24510
Baltimore County,186,NA,2020-03-29,Maryland,MD,NA
Calvert,12,NA,2020-03-29,Maryland,MD,24009
Caroline,4,NA,2020-03-29,Maryland,MD,24011
Carroll,82,NA,2020-03-29,Maryland,MD,24013
Cecil,13,NA,2020-03-29,Maryland,MD,24015
Charles,33,NA,2020-03-29,Maryland,MD,24017
Frederick,26,NA,2020-03-29,Maryland,MD,24021
Garrett,3,NA,2020-03-29,Maryland,MD,24023
Harford,24,NA,2020-03-29,Maryland,MD,24025
Howard,96,NA,2020-03-29,Maryland,MD,24027
Kent,3,NA,2020-03-29,Maryland,MD,24029
Montgomery,341,NA,2020-03-29,Maryland,MD,24031
Prince Georges,294,NA,2020-03-29,Maryland,MD,24033
Queen Annes,4,NA,2020-03-29,Maryland,MD,24035
St. Marys,9,NA,2020-03-29,Maryland,MD,NA
Somerset,1,NA,2020-03-29,Maryland,MD,24039
Talbot,4,NA,2020-03-29,Maryland,MD,24041
Washington,7,NA,2020-03-29,Maryland,MD,24043
Wicomico,6,NA,2020-03-29,Maryland,MD,24045
Worcester,3,NA,2020-03-29,Maryland,MD,24047
Anne Arundel,99,NA,2020-03-28,Maryland,MD,24003
Baltimore City,129,NA,2020-03-28,Maryland,MD,24510
Baltimore County,162,NA,2020-03-28,Maryland,MD,NA
Calvert,10,NA,2020-03-28,Maryland,MD,24009
Caroline,3,NA,2020-03-28,Maryland,MD,24011
Carroll,82,NA,2020-03-28,Maryland,MD,24013
Cecil,13,NA,2020-03-28,Maryland,MD,24015
Charles,28,NA,2020-03-28,Maryland,MD,24017
Frederick,24,NA,2020-03-28,Maryland,MD,24021
Garrett,3,NA,2020-03-28,Maryland,MD,24023
Harford,23,NA,2020-03-28,Maryland,MD,24025
Howard,81,NA,2020-03-28,Maryland,MD,24027
Kent,3,NA,2020-03-28,Maryland,MD,24029
Montgomery,301,NA,2020-03-28,Maryland,MD,24031
Prince Georges,247,NA,2020-03-28,Maryland,MD,24033
Queen Annes,4,NA,2020-03-28,Maryland,MD,24035
St. Marys,9,NA,2020-03-28,Maryland,MD,NA
Somerset,1,NA,2020-03-28,Maryland,MD,24039
Talbot,3,NA,2020-03-28,Maryland,MD,24041
Washington,6,NA,2020-03-28,Maryland,MD,24043
Wicomico,6,NA,2020-03-28,Maryland,MD,24045
Worcester,2,NA,2020-03-28,Maryland,MD,24047
Anne Arundel,88,NA,2020-03-27,Maryland,MD,24003
Baltimore City,112,NA,2020-03-27,Maryland,MD,24510
Baltimore County,141,NA,2020-03-27,Maryland,MD,NA
Calvert,8,NA,2020-03-27,Maryland,MD,24009
Caroline,1,NA,2020-03-27,Maryland,MD,24011
Carroll,10,NA,2020-03-27,Maryland,MD,24013
Cecil,13,NA,2020-03-27,Maryland,MD,24015
Charles,21,NA,2020-03-27,Maryland,MD,24017
Frederick,22,NA,2020-03-27,Maryland,MD,24021
Garrett,3,NA,2020-03-27,Maryland,MD,24023
Harford,21,NA,2020-03-27,Maryland,MD,24025
Howard,73,NA,2020-03-27,Maryland,MD,24027
Kent,2,NA,2020-03-27,Maryland,MD,24029
Montgomery,255,NA,2020-03-27,Maryland,MD,24031
Prince Georges,196,NA,2020-03-27,Maryland,MD,24033
Queen Annes,1,NA,2020-03-27,Maryland,MD,24035
St. Marys,8,NA,2020-03-27,Maryland,MD,NA
Somerset,1,NA,2020-03-27,Maryland,MD,24039
Talbot,2,NA,2020-03-27,Maryland,MD,24041
Washington,6,NA,2020-03-27,Maryland,MD,24043
Wicomico,6,NA,2020-03-27,Maryland,MD,24045
Worcester,2,NA,2020-03-27,Maryland,MD,24047
Anne Arundel,63,NA,2020-03-26,Maryland,MD,24003
Baltimore City,88,NA,2020-03-26,Maryland,MD,24510
Baltimore County,103,NA,2020-03-26,Maryland,MD,NA
Calvert,9,NA,2020-03-26,Maryland,MD,24009
Caroline,1,NA,2020-03-26,Maryland,MD,24011
Carroll,9,NA,2020-03-26,Maryland,MD,24013
Cecil,9,NA,2020-03-26,Maryland,MD,24015
Charles,17,NA,2020-03-26,Maryland,MD,24017
Frederick,15,NA,2020-03-26,Maryland,MD,24021
Garrett,3,NA,2020-03-26,Maryland,MD,24023
Harford,18,NA,2020-03-26,Maryland,MD,24025
Howard,62,NA,2020-03-26,Maryland,MD,24027
Kent,2,NA,2020-03-26,Maryland,MD,24029
Montgomery,208,NA,2020-03-26,Maryland,MD,24031
Prince Georges,148,NA,2020-03-26,Maryland,MD,24033
Queen Annes,1,NA,2020-03-26,Maryland,MD,24035
St. Marys,4,NA,2020-03-26,Maryland,MD,NA
Somerset,1,NA,2020-03-26,Maryland,MD,24039
Talbot,1,NA,2020-03-26,Maryland,MD,24041
Washington,5,NA,2020-03-26,Maryland,MD,24043
Wicomico,5,NA,2020-03-26,Maryland,MD,24045
Worcester,2,NA,2020-03-26,Maryland,MD,24047
Anne Arundel,41,NA,2020-03-25,Maryland,MD,24003
Baltimore City,72,NA,2020-03-25,Maryland,MD,24510
Baltimore County,81,NA,2020-03-25,Maryland,MD,NA
Calvert,7,NA,2020-03-25,Maryland,MD,24009
Caroline,1,NA,2020-03-25,Maryland,MD,24011
Carroll,7,NA,2020-03-25,Maryland,MD,24013
Cecil,4,NA,2020-03-25,Maryland,MD,24015
Charles,10,NA,2020-03-25,Maryland,MD,24017
Frederick,14,NA,2020-03-25,Maryland,MD,24021
Garrett,3,NA,2020-03-25,Maryland,MD,24023
Harford,9,NA,2020-03-25,Maryland,MD,24025
Howard,49,NA,2020-03-25,Maryland,MD,24027
Kent,1,NA,2020-03-25,Maryland,MD,24029
Montgomery,164,NA,2020-03-25,Maryland,MD,24031
Prince Georges,101,NA,2020-03-25,Maryland,MD,24033
Queen Anne's,1,NA,2020-03-25,Maryland,MD,NA
St. Mary's,4,NA,2020-03-25,Maryland,MD,NA
Somerset,1,NA,2020-03-25,Maryland,MD,24039
Talbot,1,NA,2020-03-25,Maryland,MD,24041
Washington,2,NA,2020-03-25,Maryland,MD,24043
Wicomico,5,NA,2020-03-25,Maryland,MD,24045
Worcester,2,NA,2020-03-25,Maryland,MD,24047
Anne Arundel,31,NA,2020-03-24,Maryland,MD,24003
Baltimore City,53,NA,2020-03-24,Maryland,MD,24510
Baltimore,51,NA,2020-03-24,Maryland,MD,24005
Calvert,3,NA,2020-03-24,Maryland,MD,24009
Caroline,1,NA,2020-03-24,Maryland,MD,24011
Carroll,5,NA,2020-03-24,Maryland,MD,24013
Cecil,4,NA,2020-03-24,Maryland,MD,24015
Charles,8,NA,2020-03-24,Maryland,MD,24017
Frederick,7,NA,2020-03-24,Maryland,MD,24021
Garrett,3,NA,2020-03-24,Maryland,MD,24023
Harford,5,NA,2020-03-24,Maryland,MD,24025
Howard,35,NA,2020-03-24,Maryland,MD,24027
Kent,1,NA,2020-03-24,Maryland,MD,24029
Montgomery,127,NA,2020-03-24,Maryland,MD,24031
Prince Georges,76,NA,2020-03-24,Maryland,MD,24033
Queen Annes,1,NA,2020-03-24,Maryland,MD,24035
St Marys,2,NA,2020-03-24,Maryland,MD,24037
Somerset,1,NA,2020-03-24,Maryland,MD,24039
Talbot,1,NA,2020-03-24,Maryland,MD,24041
Washington,2,NA,2020-03-24,Maryland,MD,24043
Wicomico,4,NA,2020-03-24,Maryland,MD,24045
Worcester,2,NA,2020-03-24,Maryland,MD,24047
Anne Arundel,31,NA,2020-03-24,Maryland,MD,24003
Baltimore City,53,NA,2020-03-24,Maryland,MD,24510
Baltimore,51,NA,2020-03-24,Maryland,MD,24005
Calvert,3,NA,2020-03-24,Maryland,MD,24009
Caroline,1,NA,2020-03-24,Maryland,MD,24011
Carroll,5,NA,2020-03-24,Maryland,MD,24013
Cecil,4,NA,2020-03-24,Maryland,MD,24015
Charles,8,NA,2020-03-24,Maryland,MD,24017
Frederick,7,NA,2020-03-24,Maryland,MD,24021
Garrett,3,NA,2020-03-24,Maryland,MD,24023
Harford,5,NA,2020-03-24,Maryland,MD,24025
Howard,35,NA,2020-03-24,Maryland,MD,24027
Kent,1,NA,2020-03-24,Maryland,MD,24029
Montgomery,127,NA,2020-03-24,Maryland,MD,24031
Prince Georges,76,NA,2020-03-24,Maryland,MD,24033
Queen Annes,1,NA,2020-03-24,Maryland,MD,24035
St Marys,2,NA,2020-03-24,Maryland,MD,24037
Somerset,1,NA,2020-03-24,Maryland,MD,24039
Talbot,1,NA,2020-03-24,Maryland,MD,24041
Washington,2,NA,2020-03-24,Maryland,MD,24043
Wicomico,4,NA,2020-03-24,Maryland,MD,24045
Worcester,2,NA,2020-03-24,Maryland,MD,24047
Anne Arundel,24,NA,2020-03-23,Maryland,MD,24003
Baltimore City,41,NA,2020-03-23,Maryland,MD,24510
Baltimore,42,NA,2020-03-23,Maryland,MD,24005
Calvert,3,NA,2020-03-23,Maryland,MD,24009
Caroline,1,NA,2020-03-23,Maryland,MD,24011
Carroll,5,NA,2020-03-23,Maryland,MD,24013
Cecil,3,NA,2020-03-23,Maryland,MD,24015
Charles,5,NA,2020-03-23,Maryland,MD,24017
Frederick,4,NA,2020-03-23,Maryland,MD,24021
Garrett,3,NA,2020-03-23,Maryland,MD,24023
Harford,5,NA,2020-03-23,Maryland,MD,24025
Howard,30,NA,2020-03-23,Maryland,MD,24027
Montgomery,107,NA,2020-03-23,Maryland,MD,24031
Prince Georges,63,NA,2020-03-23,Maryland,MD,24033
Queen Annes,1,NA,2020-03-23,Maryland,MD,24035
St Marys,2,NA,2020-03-23,Maryland,MD,24037
Somerset,1,NA,2020-03-23,Maryland,MD,24039
Talbot,1,NA,2020-03-23,Maryland,MD,24041
Washington,2,NA,2020-03-23,Maryland,MD,24043
Wicomico,4,NA,2020-03-23,Maryland,MD,24045
Worcester,2,NA,2020-03-23,Maryland,MD,24047
Anne Arundel,20,NA,2020-03-22,Maryland,MD,24003
Baltimore City,31,NA,2020-03-22,Maryland,MD,24510
Baltimore,35,NA,2020-03-22,Maryland,MD,24005
Calvert,2,NA,2020-03-22,Maryland,MD,24009
Caroline,1,NA,2020-03-22,Maryland,MD,24011
Carroll,5,NA,2020-03-22,Maryland,MD,24013
Cecil,1,NA,2020-03-22,Maryland,MD,24015
Charles,5,NA,2020-03-22,Maryland,MD,24017
Frederick,2,NA,2020-03-22,Maryland,MD,24021
Garrett,3,NA,2020-03-22,Maryland,MD,24023
Harford,5,NA,2020-03-22,Maryland,MD,24025
Howard,26,NA,2020-03-22,Maryland,MD,24027
Montgomery,93,NA,2020-03-22,Maryland,MD,24031
Prince Georges,47,NA,2020-03-22,Maryland,MD,24033
Queen Annes,1,NA,2020-03-22,Maryland,MD,24035
St Marys,1,NA,2020-03-22,Maryland,MD,24037
Somerset,1,NA,2020-03-22,Maryland,MD,24039
Talbot,1,NA,2020-03-22,Maryland,MD,24041
Washington,2,NA,2020-03-22,Maryland,MD,24043
Wicomico,4,NA,2020-03-22,Maryland,MD,24045
Worcester,2,NA,2020-03-22,Maryland,MD,24047
