Date,Health_District,Sex,Cases,Hospitalized,Deaths,State
2020-05-06,Southside,Not Reported,0,0,0,Virginia
2020-05-06,Chesapeake,Female,179,37,4,Virginia
2020-05-06,Richmond,Female,239,33,3,Virginia
2020-05-06,Roanoke,Male,35,3,1,Virginia
2020-05-06,Fairfax,Not Reported,48,5,1,Virginia
2020-05-06,Thomas Jefferson,Female,188,33,5,Virginia
2020-05-06,Chesapeake,Not Reported,0,0,0,Virginia
2020-05-06,Cumberland Plateau,Male,13,1,0,Virginia
2020-05-06,Eastern Shore,Female,323,15,6,Virginia
2020-05-06,Lord Fairfax,Not Reported,4,0,0,Virginia
2020-05-06,Rappahannock,Not Reported,3,0,0,Virginia
2020-05-06,Central Shenandoah,Not Reported,7,0,0,Virginia
2020-05-06,Peninsula,Male,185,57,10,Virginia
2020-05-06,Norfolk,Male,140,23,4,Virginia
2020-05-06,Alexandria,Female,552,57,15,Virginia
2020-05-06,Lenowisco,Male,22,8,1,Virginia
2020-05-06,Pittsylvania-Danville,Female,33,11,1,Virginia
2020-05-06,New River,Not Reported,1,0,0,Virginia
2020-05-06,Chesterfield,Not Reported,9,0,0,Virginia
2020-05-06,Loudoun,Male,501,64,13,Virginia
2020-05-06,Rappahannock Rapidan,Female,207,15,3,Virginia
2020-05-06,Piedmont,Female,92,9,1,Virginia
2020-05-06,Richmond,Male,231,47,12,Virginia
2020-05-06,Crater,Female,153,38,10,Virginia
2020-05-06,Portsmouth,Female,88,20,4,Virginia
2020-05-06,Arlington,Not Reported,9,0,0,Virginia
2020-05-06,Mount Rogers,Not Reported,1,0,0,Virginia
2020-05-06,Thomas Jefferson,Not Reported,1,0,0,Virginia
2020-05-06,Three Rivers,Not Reported,1,0,0,Virginia
2020-05-06,Hampton,Male,57,17,2,Virginia
2020-05-06,Alleghany,Male,53,10,1,Virginia
2020-05-06,Roanoke,Female,53,3,0,Virginia
2020-05-06,Loudoun,Not Reported,2,0,0,Virginia
2020-05-06,Fairfax,Female,2500,361,110,Virginia
2020-05-06,Western Tidewater,Male,246,36,14,Virginia
2020-05-06,Peninsula,Not Reported,1,0,0,Virginia
2020-05-06,New River,Male,36,8,1,Virginia
2020-05-06,Central Shenandoah,Male,445,30,12,Virginia
2020-05-06,Southside,Male,49,15,5,Virginia
2020-05-06,Chesterfield,Male,348,37,17,Virginia
2020-05-06,Arlington,Female,618,98,22,Virginia
2020-05-06,Rappahannock,Male,337,62,9,Virginia
2020-05-06,Central Virginia,Male,85,6,2,Virginia
2020-05-06,Alleghany,Not Reported,0,0,0,Virginia
2020-05-06,Henrico,Male,414,77,54,Virginia
2020-05-06,Thomas Jefferson,Male,139,27,8,Virginia
2020-05-06,Lord Fairfax,Male,268,25,6,Virginia
2020-05-06,Three Rivers,Male,221,11,1,Virginia
2020-05-06,Richmond,Not Reported,3,1,2,Virginia
2020-05-06,Pittsylvania-Danville,Male,22,9,1,Virginia
2020-05-06,Portsmouth,Not Reported,1,0,0,Virginia
2020-05-06,Norfolk,Not Reported,0,0,0,Virginia
2020-05-06,Chesapeake,Male,132,31,5,Virginia
2020-05-06,Chickahominy,Female,181,34,11,Virginia
2020-05-06,Prince William,Male,1416,151,20,Virginia
2020-05-06,Eastern Shore,Not Reported,4,0,0,Virginia
2020-05-06,Eastern Shore,Male,285,14,4,Virginia
2020-05-06,Rappahannock Rapidan,Male,218,21,6,Virginia
2020-05-06,Henrico,Not Reported,3,0,1,Virginia
2020-05-06,Cumberland Plateau,Female,15,1,0,Virginia
2020-05-06,West Piedmont,Male,22,5,1,Virginia
2020-05-06,Hampton,Not Reported,1,0,0,Virginia
2020-05-06,Alexandria,Not Reported,2,0,0,Virginia
2020-05-06,Western Tidewater,Not Reported,1,0,0,Virginia
2020-05-06,Cumberland Plateau,Not Reported,0,0,0,Virginia
2020-05-06,Virginia Beach,Male,202,46,12,Virginia
2020-05-06,Alleghany,Female,76,6,2,Virginia
2020-05-06,Lenowisco,Female,19,6,1,Virginia
2020-05-06,Virginia Beach,Not Reported,2,0,0,Virginia
2020-05-06,Western Tidewater,Female,215,17,10,Virginia
2020-05-06,Mount Rogers,Male,67,10,4,Virginia
2020-05-06,Lord Fairfax,Female,362,29,9,Virginia
2020-05-06,Piedmont,Not Reported,0,0,0,Virginia
2020-05-06,Alexandria,Male,506,70,14,Virginia
2020-05-06,Pittsylvania-Danville,Not Reported,0,0,0,Virginia
2020-05-06,West Piedmont,Not Reported,0,0,0,Virginia
2020-05-06,Loudoun,Female,540,41,13,Virginia
2020-05-06,Hampton,Female,73,11,1,Virginia
2020-05-06,Henrico,Female,608,69,54,Virginia
2020-05-06,Prince William,Not Reported,33,0,0,Virginia
2020-05-06,Chickahominy,Male,92,27,11,Virginia
2020-05-06,Rappahannock Rapidan,Not Reported,9,0,0,Virginia
2020-05-06,Peninsula,Female,205,48,18,Virginia
2020-05-06,Lenowisco,Not Reported,0,0,0,Virginia
2020-05-06,Crater,Not Reported,2,2,0,Virginia
2020-05-06,Chickahominy,Not Reported,5,1,0,Virginia
2020-05-06,Portsmouth,Male,104,17,4,Virginia
2020-05-06,New River,Female,43,4,0,Virginia
2020-05-06,Rappahannock,Female,350,45,2,Virginia
2020-05-06,Central Virginia,Female,69,5,0,Virginia
2020-05-06,Roanoke,Not Reported,0,0,0,Virginia
2020-05-06,West Piedmont,Female,28,2,0,Virginia
2020-05-06,Mount Rogers,Female,62,6,0,Virginia
2020-05-06,Piedmont,Male,254,17,2,Virginia
2020-05-06,Chesterfield,Female,431,24,15,Virginia
2020-05-06,Fairfax,Male,2568,480,107,Virginia
2020-05-06,Crater,Male,113,23,4,Virginia
2020-05-06,Central Virginia,Not Reported,0,0,0,Virginia
2020-05-06,Prince William,Female,1387,146,22,Virginia
2020-05-06,Virginia Beach,Female,250,37,5,Virginia
2020-05-06,Norfolk,Female,130,25,1,Virginia
2020-05-06,Three Rivers,Female,84,14,4,Virginia
2020-05-06,Arlington,Male,621,124,30,Virginia
2020-05-06,Central Shenandoah,Female,522,26,10,Virginia
2020-05-06,Southside,Female,95,11,5,Virginia
2020-05-04,Southside,Not Reported,0,0,0,Virginia
2020-05-04,Chesapeake,Female,169,36,4,Virginia
2020-05-04,Richmond,Female,222,30,3,Virginia
2020-05-04,Roanoke,Male,30,3,0,Virginia
2020-05-04,Fairfax,Not Reported,47,5,1,Virginia
2020-05-04,Thomas Jefferson,Female,185,33,5,Virginia
2020-05-04,Chesapeake,Not Reported,0,0,0,Virginia
2020-05-04,Cumberland Plateau,Male,13,1,0,Virginia
2020-05-04,Eastern Shore,Female,298,14,5,Virginia
2020-05-04,Lord Fairfax,Not Reported,2,0,0,Virginia
2020-05-04,Rappahannock,Not Reported,2,0,0,Virginia
2020-05-04,Central Shenandoah,Not Reported,7,0,0,Virginia
2020-05-04,Peninsula,Male,180,56,9,Virginia
2020-05-04,Norfolk,Male,133,22,4,Virginia
2020-05-04,Alexandria,Female,507,54,12,Virginia
2020-05-04,Lenowisco,Male,22,8,1,Virginia
2020-05-04,Pittsylvania-Danville,Female,32,11,1,Virginia
2020-05-04,New River,Not Reported,1,0,0,Virginia
2020-05-04,Chesterfield,Not Reported,9,0,0,Virginia
2020-05-04,Loudoun,Male,476,61,13,Virginia
2020-05-04,Rappahannock Rapidan,Female,197,13,1,Virginia
2020-05-04,Piedmont,Female,89,8,1,Virginia
2020-05-04,Richmond,Male,213,45,11,Virginia
2020-05-04,Crater,Female,146,35,10,Virginia
2020-05-04,Portsmouth,Female,83,19,4,Virginia
2020-05-04,Arlington,Not Reported,9,0,0,Virginia
2020-05-04,Mount Rogers,Not Reported,1,0,0,Virginia
2020-05-04,Thomas Jefferson,Not Reported,1,0,0,Virginia
2020-05-04,Three Rivers,Not Reported,1,0,0,Virginia
2020-05-04,Hampton,Male,55,17,2,Virginia
2020-05-04,Alleghany,Male,52,10,1,Virginia
2020-05-04,Roanoke,Female,50,2,0,Virginia
2020-05-04,Loudoun,Not Reported,2,0,0,Virginia
2020-05-04,Fairfax,Female,2380,345,106,Virginia
2020-05-04,Western Tidewater,Male,242,35,10,Virginia
2020-05-04,Peninsula,Not Reported,1,0,0,Virginia
2020-05-04,New River,Male,36,8,1,Virginia
2020-05-04,Central Shenandoah,Male,415,25,11,Virginia
2020-05-04,Southside,Male,45,15,5,Virginia
2020-05-04,Chesterfield,Male,314,35,17,Virginia
2020-05-04,Arlington,Female,580,88,21,Virginia
2020-05-04,Rappahannock,Male,303,60,9,Virginia
2020-05-04,Central Virginia,Male,82,5,1,Virginia
2020-05-04,Alleghany,Not Reported,0,0,0,Virginia
2020-05-04,Henrico,Male,399,74,51,Virginia
2020-05-04,Thomas Jefferson,Male,136,28,8,Virginia
2020-05-04,Lord Fairfax,Male,234,21,4,Virginia
2020-05-04,Three Rivers,Male,175,11,1,Virginia
2020-05-04,Richmond,Not Reported,3,1,2,Virginia
2020-05-04,Pittsylvania-Danville,Male,21,9,1,Virginia
2020-05-04,Portsmouth,Not Reported,1,0,0,Virginia
2020-05-04,Norfolk,Not Reported,0,0,0,Virginia
2020-05-04,Chesapeake,Male,124,29,5,Virginia
2020-05-04,Chickahominy,Female,176,31,10,Virginia
2020-05-04,Prince William,Male,1299,139,18,Virginia
2020-05-04,Eastern Shore,Not Reported,4,0,0,Virginia
2020-05-04,Eastern Shore,Male,267,12,3,Virginia
2020-05-04,Rappahannock Rapidan,Male,207,21,6,Virginia
2020-05-04,Henrico,Not Reported,3,0,1,Virginia
2020-05-04,Cumberland Plateau,Female,14,1,0,Virginia
2020-05-04,West Piedmont,Male,21,4,1,Virginia
2020-05-04,Hampton,Not Reported,1,0,0,Virginia
2020-05-04,Alexandria,Not Reported,2,0,0,Virginia
2020-05-04,Western Tidewater,Not Reported,1,0,0,Virginia
2020-05-04,Cumberland Plateau,Not Reported,0,0,0,Virginia
2020-05-04,Virginia Beach,Male,195,46,10,Virginia
2020-05-04,Alleghany,Female,75,6,2,Virginia
2020-05-04,Lenowisco,Female,19,6,1,Virginia
2020-05-04,Virginia Beach,Not Reported,2,0,0,Virginia
2020-05-04,Western Tidewater,Female,213,17,10,Virginia
2020-05-04,Mount Rogers,Male,60,10,4,Virginia
2020-05-04,Lord Fairfax,Female,310,23,5,Virginia
2020-05-04,Piedmont,Not Reported,0,0,0,Virginia
2020-05-04,Alexandria,Male,474,66,14,Virginia
2020-05-04,Pittsylvania-Danville,Not Reported,0,0,0,Virginia
2020-05-04,West Piedmont,Not Reported,0,0,0,Virginia
2020-05-04,Loudoun,Female,520,39,11,Virginia
2020-05-04,Hampton,Female,72,11,1,Virginia
2020-05-04,Henrico,Female,583,65,54,Virginia
2020-05-04,Prince William,Not Reported,38,0,0,Virginia
2020-05-04,Chickahominy,Male,87,26,10,Virginia
2020-05-04,Rappahannock Rapidan,Not Reported,8,0,0,Virginia
2020-05-04,Peninsula,Female,200,46,17,Virginia
2020-05-04,Lenowisco,Not Reported,0,0,0,Virginia
2020-05-04,Crater,Not Reported,2,2,0,Virginia
2020-05-04,Chickahominy,Not Reported,5,1,0,Virginia
2020-05-04,Portsmouth,Male,103,17,4,Virginia
2020-05-04,New River,Female,43,4,0,Virginia
2020-05-04,Rappahannock,Female,324,39,2,Virginia
2020-05-04,Central Virginia,Female,68,3,0,Virginia
2020-05-04,Roanoke,Not Reported,2,0,0,Virginia
2020-05-04,West Piedmont,Female,25,2,0,Virginia
2020-05-04,Mount Rogers,Female,55,6,0,Virginia
2020-05-04,Piedmont,Male,199,16,2,Virginia
2020-05-04,Chesterfield,Female,396,23,14,Virginia
2020-05-04,Fairfax,Male,2476,450,100,Virginia
2020-05-04,Crater,Male,111,22,4,Virginia
2020-05-04,Central Virginia,Not Reported,0,0,0,Virginia
2020-05-04,Prince William,Female,1271,130,18,Virginia
2020-05-04,Virginia Beach,Female,248,37,5,Virginia
2020-05-04,Norfolk,Female,118,24,0,Virginia
2020-05-04,Three Rivers,Female,78,13,2,Virginia
2020-05-04,Arlington,Male,580,108,28,Virginia
2020-05-04,Central Shenandoah,Female,482,25,10,Virginia
2020-05-04,Southside,Female,94,10,5,Virginia
2020-05-03,Southside,Not Reported,0,0,0,Virginia
2020-05-03,Chesapeake,Female,166,36,4,Virginia
2020-05-03,Richmond,Female,211,29,3,Virginia
2020-05-03,Roanoke,Male,30,3,0,Virginia
2020-05-03,Fairfax,Not Reported,46,5,1,Virginia
2020-05-03,Thomas Jefferson,Female,184,33,5,Virginia
2020-05-03,Chesapeake,Not Reported,0,0,0,Virginia
2020-05-03,Cumberland Plateau,Male,13,1,0,Virginia
2020-05-03,Eastern Shore,Female,296,14,5,Virginia
2020-05-03,Lord Fairfax,Not Reported,2,0,0,Virginia
2020-05-03,Rappahannock,Not Reported,2,0,0,Virginia
2020-05-03,Central Shenandoah,Not Reported,7,0,0,Virginia
2020-05-03,Peninsula,Male,178,56,9,Virginia
2020-05-03,Norfolk,Male,128,21,4,Virginia
2020-05-03,Alexandria,Female,483,49,12,Virginia
2020-05-03,Lenowisco,Male,22,8,1,Virginia
2020-05-03,Pittsylvania-Danville,Female,31,11,1,Virginia
2020-05-03,New River,Not Reported,1,0,0,Virginia
2020-05-03,Chesterfield,Not Reported,8,0,0,Virginia
2020-05-03,Loudoun,Male,453,60,9,Virginia
2020-05-03,Rappahannock Rapidan,Female,189,12,1,Virginia
2020-05-03,Piedmont,Female,87,8,1,Virginia
2020-05-03,Richmond,Male,205,42,11,Virginia
2020-05-03,Crater,Female,144,35,10,Virginia
2020-05-03,Portsmouth,Female,82,18,4,Virginia
2020-05-03,Arlington,Not Reported,9,0,0,Virginia
2020-05-03,Mount Rogers,Not Reported,1,0,0,Virginia
2020-05-03,Thomas Jefferson,Not Reported,1,0,0,Virginia
2020-05-03,Three Rivers,Not Reported,1,0,0,Virginia
2020-05-03,Hampton,Male,55,17,1,Virginia
2020-05-03,Alleghany,Male,47,10,1,Virginia
2020-05-03,Roanoke,Female,49,2,0,Virginia
2020-05-03,Loudoun,Not Reported,2,0,0,Virginia
2020-05-03,Fairfax,Female,2266,340,103,Virginia
2020-05-03,Western Tidewater,Male,234,33,8,Virginia
2020-05-03,Peninsula,Not Reported,1,0,0,Virginia
2020-05-03,New River,Male,35,7,1,Virginia
2020-05-03,Central Shenandoah,Male,392,24,10,Virginia
2020-05-03,Southside,Male,45,15,5,Virginia
2020-05-03,Chesterfield,Male,295,32,16,Virginia
2020-05-03,Arlington,Female,568,86,19,Virginia
2020-05-03,Rappahannock,Male,290,59,9,Virginia
2020-05-03,Central Virginia,Male,80,5,1,Virginia
2020-05-03,Alleghany,Not Reported,0,0,0,Virginia
2020-05-03,Henrico,Male,389,73,50,Virginia
2020-05-03,Thomas Jefferson,Male,134,27,8,Virginia
2020-05-03,Lord Fairfax,Male,217,21,3,Virginia
2020-05-03,Three Rivers,Male,177,10,1,Virginia
2020-05-03,Richmond,Not Reported,3,1,2,Virginia
2020-05-03,Pittsylvania-Danville,Male,21,9,1,Virginia
2020-05-03,Portsmouth,Not Reported,1,0,0,Virginia
2020-05-03,Norfolk,Not Reported,0,0,0,Virginia
2020-05-03,Chesapeake,Male,118,27,5,Virginia
2020-05-03,Chickahominy,Female,173,28,10,Virginia
2020-05-03,Prince William,Male,1246,137,17,Virginia
2020-05-03,Eastern Shore,Not Reported,4,0,0,Virginia
2020-05-03,Eastern Shore,Male,264,12,2,Virginia
2020-05-03,Rappahannock Rapidan,Male,200,20,6,Virginia
2020-05-03,Henrico,Not Reported,3,0,1,Virginia
2020-05-03,Cumberland Plateau,Female,14,1,0,Virginia
2020-05-03,West Piedmont,Male,21,4,1,Virginia
2020-05-03,Hampton,Not Reported,1,0,0,Virginia
2020-05-03,Alexandria,Not Reported,2,0,0,Virginia
2020-05-03,Western Tidewater,Not Reported,1,0,0,Virginia
2020-05-03,Cumberland Plateau,Not Reported,0,0,0,Virginia
2020-05-03,Virginia Beach,Male,194,46,10,Virginia
2020-05-03,Alleghany,Female,74,6,2,Virginia
2020-05-03,Lenowisco,Female,19,6,1,Virginia
2020-05-03,Virginia Beach,Not Reported,2,0,0,Virginia
2020-05-03,Western Tidewater,Female,204,17,10,Virginia
2020-05-03,Mount Rogers,Male,58,10,4,Virginia
2020-05-03,Lord Fairfax,Female,292,21,2,Virginia
2020-05-03,Piedmont,Not Reported,0,0,0,Virginia
2020-05-03,Alexandria,Male,455,61,14,Virginia
2020-05-03,Pittsylvania-Danville,Not Reported,0,0,0,Virginia
2020-05-03,West Piedmont,Not Reported,0,0,0,Virginia
2020-05-03,Loudoun,Female,506,36,9,Virginia
2020-05-03,Hampton,Female,72,11,0,Virginia
2020-05-03,Henrico,Female,572,64,54,Virginia
2020-05-03,Prince William,Not Reported,38,0,0,Virginia
2020-05-03,Chickahominy,Male,86,24,9,Virginia
2020-05-03,Rappahannock Rapidan,Not Reported,8,0,0,Virginia
2020-05-03,Peninsula,Female,196,46,16,Virginia
2020-05-03,Lenowisco,Not Reported,0,0,0,Virginia
2020-05-03,Crater,Not Reported,2,2,0,Virginia
2020-05-03,Chickahominy,Not Reported,5,1,0,Virginia
2020-05-03,Portsmouth,Male,100,17,4,Virginia
2020-05-03,New River,Female,42,3,0,Virginia
2020-05-03,Rappahannock,Female,303,37,2,Virginia
2020-05-03,Central Virginia,Female,67,3,0,Virginia
2020-05-03,Roanoke,Not Reported,2,0,0,Virginia
2020-05-03,West Piedmont,Female,25,2,0,Virginia
2020-05-03,Mount Rogers,Female,55,6,0,Virginia
2020-05-03,Piedmont,Male,161,15,2,Virginia
2020-05-03,Chesterfield,Female,370,21,14,Virginia
2020-05-03,Fairfax,Male,2372,439,100,Virginia
2020-05-03,Crater,Male,110,22,4,Virginia
2020-05-03,Central Virginia,Not Reported,0,0,0,Virginia
2020-05-03,Prince William,Female,1223,129,18,Virginia
2020-05-03,Virginia Beach,Female,243,37,5,Virginia
2020-05-03,Norfolk,Female,111,24,0,Virginia
2020-05-03,Three Rivers,Female,78,13,1,Virginia
2020-05-03,Arlington,Male,562,108,28,Virginia
2020-05-03,Central Shenandoah,Female,462,22,8,Virginia
2020-05-03,Southside,Female,95,10,5,Virginia
2020-05-02,Southside,Not Reported,0,0,0,Virginia
2020-05-02,Chesapeake,Female,162,36,4,Virginia
2020-05-02,Richmond,Female,204,29,3,Virginia
2020-05-02,Roanoke,Male,30,3,0,Virginia
2020-05-02,Fairfax,Not Reported,42,5,1,Virginia
2020-05-02,Thomas Jefferson,Female,177,33,5,Virginia
2020-05-02,Chesapeake,Not Reported,0,0,0,Virginia
2020-05-02,Cumberland Plateau,Male,13,1,0,Virginia
2020-05-02,Eastern Shore,Female,280,14,5,Virginia
2020-05-02,Lord Fairfax,Not Reported,1,0,0,Virginia
2020-05-02,Rappahannock,Not Reported,2,0,0,Virginia
2020-05-02,Central Shenandoah,Not Reported,8,0,0,Virginia
2020-05-02,Peninsula,Male,172,55,9,Virginia
2020-05-02,Norfolk,Male,110,21,4,Virginia
2020-05-02,Alexandria,Female,465,49,12,Virginia
2020-05-02,Lenowisco,Male,22,8,1,Virginia
2020-05-02,Pittsylvania-Danville,Female,30,11,1,Virginia
2020-05-02,New River,Not Reported,1,0,0,Virginia
2020-05-02,Chesterfield,Not Reported,8,0,0,Virginia
2020-05-02,Loudoun,Male,443,59,8,Virginia
2020-05-02,Rappahannock Rapidan,Female,185,12,1,Virginia
2020-05-02,Piedmont,Female,86,8,1,Virginia
2020-05-02,Richmond,Male,196,42,11,Virginia
2020-05-02,Crater,Female,119,35,10,Virginia
2020-05-02,Portsmouth,Female,82,18,4,Virginia
2020-05-02,Arlington,Not Reported,9,0,0,Virginia
2020-05-02,Mount Rogers,Not Reported,1,0,0,Virginia
2020-05-02,Thomas Jefferson,Not Reported,1,0,0,Virginia
2020-05-02,Three Rivers,Not Reported,1,0,0,Virginia
2020-05-02,Hampton,Male,53,17,1,Virginia
2020-05-02,Alleghany,Male,47,10,1,Virginia
2020-05-02,Roanoke,Female,49,2,0,Virginia
2020-05-02,Loudoun,Not Reported,2,0,0,Virginia
2020-05-02,Fairfax,Female,2131,326,94,Virginia
2020-05-02,Western Tidewater,Male,234,33,8,Virginia
2020-05-02,Peninsula,Not Reported,1,0,0,Virginia
2020-05-02,New River,Male,35,7,1,Virginia
2020-05-02,Central Shenandoah,Male,384,24,10,Virginia
2020-05-02,Southside,Male,45,15,5,Virginia
2020-05-02,Chesterfield,Male,295,32,16,Virginia
2020-05-02,Arlington,Female,551,86,18,Virginia
2020-05-02,Rappahannock,Male,276,59,9,Virginia
2020-05-02,Central Virginia,Male,79,5,1,Virginia
2020-05-02,Alleghany,Not Reported,0,0,0,Virginia
2020-05-02,Henrico,Male,383,73,50,Virginia
2020-05-02,Thomas Jefferson,Male,133,27,8,Virginia
2020-05-02,Lord Fairfax,Male,210,21,3,Virginia
2020-05-02,Three Rivers,Male,173,10,1,Virginia
2020-05-02,Richmond,Not Reported,3,1,2,Virginia
2020-05-02,Pittsylvania-Danville,Male,21,9,1,Virginia
2020-05-02,Portsmouth,Not Reported,1,0,0,Virginia
2020-05-02,Norfolk,Not Reported,0,0,0,Virginia
2020-05-02,Chesapeake,Male,117,27,5,Virginia
2020-05-02,Chickahominy,Female,169,28,10,Virginia
2020-05-02,Prince William,Male,1172,125,15,Virginia
2020-05-02,Eastern Shore,Not Reported,4,0,0,Virginia
2020-05-02,Eastern Shore,Male,250,11,2,Virginia
2020-05-02,Rappahannock Rapidan,Male,189,18,4,Virginia
2020-05-02,Henrico,Not Reported,4,0,1,Virginia
2020-05-02,Cumberland Plateau,Female,14,1,0,Virginia
2020-05-02,West Piedmont,Male,21,4,1,Virginia
2020-05-02,Hampton,Not Reported,1,0,0,Virginia
2020-05-02,Alexandria,Not Reported,2,0,0,Virginia
2020-05-02,Western Tidewater,Not Reported,1,0,0,Virginia
2020-05-02,Cumberland Plateau,Not Reported,0,0,0,Virginia
2020-05-02,Virginia Beach,Male,184,46,10,Virginia
2020-05-02,Alleghany,Female,73,6,2,Virginia
2020-05-02,Lenowisco,Female,19,6,1,Virginia
2020-05-02,Virginia Beach,Not Reported,1,0,0,Virginia
2020-05-02,Western Tidewater,Female,204,17,10,Virginia
2020-05-02,Mount Rogers,Male,49,10,4,Virginia
2020-05-02,Lord Fairfax,Female,284,21,2,Virginia
2020-05-02,Piedmont,Not Reported,0,0,0,Virginia
2020-05-02,Alexandria,Male,432,60,14,Virginia
2020-05-02,Pittsylvania-Danville,Not Reported,0,0,0,Virginia
2020-05-02,West Piedmont,Not Reported,0,0,0,Virginia
2020-05-02,Loudoun,Female,486,36,8,Virginia
2020-05-02,Hampton,Female,69,11,0,Virginia
2020-05-02,Henrico,Female,567,63,54,Virginia
2020-05-02,Prince William,Not Reported,38,0,0,Virginia
2020-05-02,Chickahominy,Male,84,24,9,Virginia
2020-05-02,Rappahannock Rapidan,Not Reported,8,0,0,Virginia
2020-05-02,Peninsula,Female,190,44,16,Virginia
2020-05-02,Lenowisco,Not Reported,0,0,0,Virginia
2020-05-02,Crater,Not Reported,2,2,0,Virginia
2020-05-02,Chickahominy,Not Reported,5,1,0,Virginia
2020-05-02,Portsmouth,Male,100,17,4,Virginia
2020-05-02,New River,Female,39,3,0,Virginia
2020-05-02,Rappahannock,Female,284,37,2,Virginia
2020-05-02,Central Virginia,Female,67,3,0,Virginia
2020-05-02,Roanoke,Not Reported,2,0,0,Virginia
2020-05-02,West Piedmont,Female,25,2,0,Virginia
2020-05-02,Mount Rogers,Female,45,6,0,Virginia
2020-05-02,Piedmont,Male,160,15,2,Virginia
2020-05-02,Chesterfield,Female,370,21,14,Virginia
2020-05-02,Fairfax,Male,2234,419,94,Virginia
2020-05-02,Crater,Male,92,20,3,Virginia
2020-05-02,Central Virginia,Not Reported,0,0,0,Virginia
2020-05-02,Prince William,Female,1164,116,17,Virginia
2020-05-02,Virginia Beach,Female,228,35,5,Virginia
2020-05-02,Norfolk,Female,111,24,0,Virginia
2020-05-02,Three Rivers,Female,69,12,1,Virginia
2020-05-02,Arlington,Male,546,108,28,Virginia
2020-05-02,Central Shenandoah,Female,445,22,8,Virginia
2020-05-02,Southside,Female,95,10,5,Virginia
2020-05-01,Southside,Not Reported,0,0,0,Virginia
2020-05-01,Chesapeake,Female,152,34,3,Virginia
2020-05-01,Richmond,Female,194,27,3,Virginia
2020-05-01,Roanoke,Male,29,3,0,Virginia
2020-05-01,Fairfax,Not Reported,37,5,1,Virginia
2020-05-01,Thomas Jefferson,Female,172,33,5,Virginia
2020-05-01,Chesapeake,Not Reported,0,0,0,Virginia
2020-05-01,Cumberland Plateau,Male,13,1,0,Virginia
2020-05-01,Eastern Shore,Female,226,12,4,Virginia
2020-05-01,Lord Fairfax,Not Reported,1,0,0,Virginia
2020-05-01,Rappahannock,Not Reported,2,0,0,Virginia
2020-05-01,Central Shenandoah,Not Reported,8,0,0,Virginia
2020-05-01,Peninsula,Male,171,55,9,Virginia
2020-05-01,Norfolk,Male,103,20,3,Virginia
2020-05-01,Alexandria,Female,435,49,12,Virginia
2020-05-01,Lenowisco,Male,22,8,1,Virginia
2020-05-01,Pittsylvania-Danville,Female,30,11,1,Virginia
2020-05-01,New River,Not Reported,1,0,0,Virginia
2020-05-01,Chesterfield,Not Reported,8,0,0,Virginia
2020-05-01,Loudoun,Male,426,59,8,Virginia
2020-05-01,Rappahannock Rapidan,Female,179,12,1,Virginia
2020-05-01,Piedmont,Female,86,8,1,Virginia
2020-05-01,Richmond,Male,185,38,11,Virginia
2020-05-01,Crater,Female,119,34,9,Virginia
2020-05-01,Portsmouth,Female,77,17,4,Virginia
2020-05-01,Arlington,Not Reported,9,0,0,Virginia
2020-05-01,Mount Rogers,Not Reported,1,0,0,Virginia
2020-05-01,Thomas Jefferson,Not Reported,1,0,0,Virginia
2020-05-01,Three Rivers,Not Reported,1,0,0,Virginia
2020-05-01,Hampton,Male,53,17,1,Virginia
2020-05-01,Alleghany,Male,45,10,1,Virginia
2020-05-01,Roanoke,Female,49,2,0,Virginia
2020-05-01,Loudoun,Not Reported,1,0,0,Virginia
2020-05-01,Fairfax,Female,1990,299,81,Virginia
2020-05-01,Western Tidewater,Male,228,30,7,Virginia
2020-05-01,Peninsula,Not Reported,1,0,0,Virginia
2020-05-01,New River,Male,35,7,1,Virginia
2020-05-01,Central Shenandoah,Male,373,24,10,Virginia
2020-05-01,Southside,Male,45,15,5,Virginia
2020-05-01,Chesterfield,Male,290,32,16,Virginia
2020-05-01,Arlington,Female,520,85,18,Virginia
2020-05-01,Rappahannock,Male,260,58,9,Virginia
2020-05-01,Central Virginia,Male,78,5,1,Virginia
2020-05-01,Alleghany,Not Reported,0,0,0,Virginia
2020-05-01,Henrico,Male,371,72,49,Virginia
2020-05-01,Thomas Jefferson,Male,130,27,8,Virginia
2020-05-01,Lord Fairfax,Male,204,21,3,Virginia
2020-05-01,Three Rivers,Male,169,10,1,Virginia
2020-05-01,Richmond,Not Reported,3,1,2,Virginia
2020-05-01,Pittsylvania-Danville,Male,21,9,1,Virginia
2020-05-01,Portsmouth,Not Reported,1,0,0,Virginia
2020-05-01,Norfolk,Not Reported,0,0,0,Virginia
2020-05-01,Chesapeake,Male,111,27,4,Virginia
2020-05-01,Chickahominy,Female,160,27,8,Virginia
2020-05-01,Prince William,Male,1095,113,16,Virginia
2020-05-01,Eastern Shore,Not Reported,5,0,0,Virginia
2020-05-01,Eastern Shore,Male,216,10,1,Virginia
2020-05-01,Rappahannock Rapidan,Male,178,16,4,Virginia
2020-05-01,Henrico,Not Reported,3,0,1,Virginia
2020-05-01,Cumberland Plateau,Female,14,1,0,Virginia
2020-05-01,West Piedmont,Male,20,4,1,Virginia
2020-05-01,Hampton,Not Reported,1,0,0,Virginia
2020-05-01,Alexandria,Not Reported,2,0,0,Virginia
2020-05-01,Western Tidewater,Not Reported,1,0,0,Virginia
2020-05-01,Cumberland Plateau,Not Reported,0,0,0,Virginia
2020-05-01,Virginia Beach,Male,184,46,10,Virginia
2020-05-01,Alleghany,Female,72,6,2,Virginia
2020-05-01,Lenowisco,Female,19,6,1,Virginia
2020-05-01,Virginia Beach,Not Reported,2,0,0,Virginia
2020-05-01,Western Tidewater,Female,196,17,10,Virginia
2020-05-01,Mount Rogers,Male,45,10,4,Virginia
2020-05-01,Lord Fairfax,Female,268,21,2,Virginia
2020-05-01,Piedmont,Not Reported,0,0,0,Virginia
2020-05-01,Alexandria,Male,411,59,14,Virginia
2020-05-01,Pittsylvania-Danville,Not Reported,0,0,0,Virginia
2020-05-01,West Piedmont,Not Reported,0,0,0,Virginia
2020-05-01,Loudoun,Female,454,36,8,Virginia
2020-05-01,Hampton,Female,68,11,0,Virginia
2020-05-01,Henrico,Female,552,63,54,Virginia
2020-05-01,Prince William,Not Reported,37,0,0,Virginia
2020-05-01,Chickahominy,Male,82,23,9,Virginia
2020-05-01,Rappahannock Rapidan,Not Reported,6,0,0,Virginia
2020-05-01,Peninsula,Female,185,44,16,Virginia
2020-05-01,Lenowisco,Not Reported,0,0,0,Virginia
2020-05-01,Crater,Not Reported,2,2,0,Virginia
2020-05-01,Chickahominy,Not Reported,5,1,0,Virginia
2020-05-01,Portsmouth,Male,95,17,4,Virginia
2020-05-01,New River,Female,39,3,0,Virginia
2020-05-01,Rappahannock,Female,273,37,2,Virginia
2020-05-01,Central Virginia,Female,64,3,0,Virginia
2020-05-01,Roanoke,Not Reported,2,0,0,Virginia
2020-05-01,West Piedmont,Female,25,2,0,Virginia
2020-05-01,Mount Rogers,Female,43,6,0,Virginia
2020-05-01,Piedmont,Male,160,15,2,Virginia
2020-05-01,Chesterfield,Female,366,21,13,Virginia
2020-05-01,Fairfax,Male,2074,389,75,Virginia
2020-05-01,Crater,Male,91,20,3,Virginia
2020-05-01,Central Virginia,Not Reported,0,0,0,Virginia
2020-05-01,Prince William,Female,1102,106,16,Virginia
2020-05-01,Virginia Beach,Female,227,35,5,Virginia
2020-05-01,Norfolk,Female,108,22,0,Virginia
2020-05-01,Three Rivers,Female,65,12,1,Virginia
2020-05-01,Arlington,Male,515,106,28,Virginia
2020-05-01,Central Shenandoah,Female,440,22,7,Virginia
2020-05-01,Southside,Female,93,10,5,Virginia
2020-04-30,Southside,Not Reported,0,0,0,Virginia
2020-04-30,Chesapeake,Female,147,33,3,Virginia
2020-04-30,Richmond,Female,182,27,2,Virginia
2020-04-30,Roanoke,Male,29,3,0,Virginia
2020-04-30,Fairfax,Not Reported,37,5,1,Virginia
2020-04-30,Thomas Jefferson,Female,169,33,5,Virginia
2020-04-30,Chesapeake,Not Reported,0,0,0,Virginia
2020-04-30,Cumberland Plateau,Male,12,0,0,Virginia
2020-04-30,Eastern Shore,Female,191,12,4,Virginia
2020-04-30,Lord Fairfax,Not Reported,2,0,0,Virginia
2020-04-30,Rappahannock,Not Reported,2,0,0,Virginia
2020-04-30,Central Shenandoah,Not Reported,8,0,0,Virginia
2020-04-30,Peninsula,Male,169,54,8,Virginia
2020-04-30,Norfolk,Male,99,20,3,Virginia
2020-04-30,Alexandria,Female,415,47,12,Virginia
2020-04-30,Lenowisco,Male,22,8,1,Virginia
2020-04-30,Pittsylvania-Danville,Female,28,10,1,Virginia
2020-04-30,New River,Not Reported,1,0,0,Virginia
2020-04-30,Chesterfield,Not Reported,9,0,0,Virginia
2020-04-30,Loudoun,Male,393,58,8,Virginia
2020-04-30,Rappahannock Rapidan,Female,168,11,1,Virginia
2020-04-30,Piedmont,Female,86,6,1,Virginia
2020-04-30,Richmond,Male,178,38,11,Virginia
2020-04-30,Crater,Female,115,32,9,Virginia
2020-04-30,Portsmouth,Female,74,16,3,Virginia
2020-04-30,Arlington,Not Reported,8,0,0,Virginia
2020-04-30,Mount Rogers,Not Reported,1,0,0,Virginia
2020-04-30,Thomas Jefferson,Not Reported,1,0,0,Virginia
2020-04-30,Three Rivers,Not Reported,0,0,0,Virginia
2020-04-30,Hampton,Male,51,17,1,Virginia
2020-04-30,Alleghany,Male,45,10,1,Virginia
2020-04-30,Roanoke,Female,49,2,0,Virginia
2020-04-30,Loudoun,Not Reported,2,0,0,Virginia
2020-04-30,Fairfax,Female,1929,275,72,Virginia
2020-04-30,Western Tidewater,Male,226,30,7,Virginia
2020-04-30,Peninsula,Not Reported,0,0,0,Virginia
2020-04-30,New River,Male,35,7,1,Virginia
2020-04-30,Central Shenandoah,Male,360,23,8,Virginia
2020-04-30,Southside,Male,44,15,5,Virginia
2020-04-30,Chesterfield,Male,274,31,16,Virginia
2020-04-30,Arlington,Female,500,79,17,Virginia
2020-04-30,Rappahannock,Male,247,54,9,Virginia
2020-04-30,Central Virginia,Male,72,4,1,Virginia
2020-04-30,Alleghany,Not Reported,0,0,0,Virginia
2020-04-30,Henrico,Male,355,69,47,Virginia
2020-04-30,Thomas Jefferson,Male,128,27,8,Virginia
2020-04-30,Lord Fairfax,Male,193,21,2,Virginia
2020-04-30,Three Rivers,Male,164,10,1,Virginia
2020-04-30,Richmond,Not Reported,4,1,2,Virginia
2020-04-30,Pittsylvania-Danville,Male,20,9,1,Virginia
2020-04-30,Portsmouth,Not Reported,1,0,0,Virginia
2020-04-30,Norfolk,Not Reported,0,0,0,Virginia
2020-04-30,Chesapeake,Male,109,27,4,Virginia
2020-04-30,Chickahominy,Female,157,27,9,Virginia
2020-04-30,Prince William,Male,1022,108,16,Virginia
2020-04-30,Eastern Shore,Not Reported,5,0,0,Virginia
2020-04-30,Eastern Shore,Male,189,10,1,Virginia
2020-04-30,Rappahannock Rapidan,Male,169,15,4,Virginia
2020-04-30,Henrico,Not Reported,3,0,1,Virginia
2020-04-30,Cumberland Plateau,Female,14,1,0,Virginia
2020-04-30,West Piedmont,Male,18,4,1,Virginia
2020-04-30,Hampton,Not Reported,2,0,0,Virginia
2020-04-30,Alexandria,Not Reported,3,0,0,Virginia
2020-04-30,Western Tidewater,Not Reported,2,0,0,Virginia
2020-04-30,Cumberland Plateau,Not Reported,0,0,0,Virginia
2020-04-30,Virginia Beach,Male,179,46,9,Virginia
2020-04-30,Alleghany,Female,71,6,2,Virginia
2020-04-30,Lenowisco,Female,19,6,1,Virginia
2020-04-30,Virginia Beach,Not Reported,0,0,0,Virginia
2020-04-30,Western Tidewater,Female,194,17,10,Virginia
2020-04-30,Mount Rogers,Male,44,10,4,Virginia
2020-04-30,Lord Fairfax,Female,251,21,2,Virginia
2020-04-30,Piedmont,Not Reported,0,0,0,Virginia
2020-04-30,Alexandria,Male,384,57,12,Virginia
2020-04-30,Pittsylvania-Danville,Not Reported,0,0,0,Virginia
2020-04-30,West Piedmont,Not Reported,0,0,0,Virginia
2020-04-30,Loudoun,Female,437,35,7,Virginia
2020-04-30,Hampton,Female,66,11,0,Virginia
2020-04-30,Henrico,Female,540,60,54,Virginia
2020-04-30,Prince William,Not Reported,15,0,0,Virginia
2020-04-30,Chickahominy,Male,84,23,9,Virginia
2020-04-30,Rappahannock Rapidan,Not Reported,8,0,0,Virginia
2020-04-30,Peninsula,Female,183,44,15,Virginia
2020-04-30,Lenowisco,Not Reported,0,0,0,Virginia
2020-04-30,Crater,Not Reported,4,3,0,Virginia
2020-04-30,Chickahominy,Not Reported,5,1,0,Virginia
2020-04-30,Portsmouth,Male,95,17,4,Virginia
2020-04-30,New River,Female,39,3,0,Virginia
2020-04-30,Rappahannock,Female,257,37,2,Virginia
2020-04-30,Central Virginia,Female,64,3,0,Virginia
2020-04-30,Roanoke,Not Reported,2,0,0,Virginia
2020-04-30,West Piedmont,Female,23,2,0,Virginia
2020-04-30,Mount Rogers,Female,41,6,0,Virginia
2020-04-30,Piedmont,Male,113,15,2,Virginia
2020-04-30,Chesterfield,Female,342,21,13,Virginia
2020-04-30,Fairfax,Male,1986,370,68,Virginia
2020-04-30,Crater,Male,86,20,3,Virginia
2020-04-30,Central Virginia,Not Reported,0,0,0,Virginia
2020-04-30,Prince William,Female,1034,104,15,Virginia
2020-04-30,Virginia Beach,Female,217,35,5,Virginia
2020-04-30,Norfolk,Female,105,22,0,Virginia
2020-04-30,Three Rivers,Female,63,12,1,Virginia
2020-04-30,Arlington,Male,496,90,25,Virginia
2020-04-30,Central Shenandoah,Female,425,21,5,Virginia
2020-04-30,Southside,Female,91,9,5,Virginia
2020-04-29,Chesterfield,Female,328,17,10,Virginia
2020-04-29,Mount Rogers,Female,36,6,0,Virginia
2020-04-29,Virginia Beach,Male,173,44,9,Virginia
2020-04-29,Crater,Female,113,31,9,Virginia
2020-04-29,New River,Female,39,3,0,Virginia
2020-04-29,Central Virginia,Male,70,4,1,Virginia
2020-04-29,Lenowisco,Male,21,8,1,Virginia
2020-04-29,Richmond,Female,169,26,2,Virginia
2020-04-29,Chesapeake,Female,137,32,3,Virginia
2020-04-29,Fairfax,Female,1774,256,70,Virginia
2020-04-29,Peninsula,Female,181,44,13,Virginia
2020-04-29,Loudoun,Female,400,33,7,Virginia
2020-04-29,Norfolk,Male,96,19,3,Virginia
2020-04-29,Loudoun,Not Reported,2,0,0,Virginia
2020-04-29,Rappahannock,Not Reported,2,0,0,Virginia
2020-04-29,Virginia Beach,Female,212,33,5,Virginia
2020-04-29,Roanoke,Female,47,2,0,Virginia
2020-04-29,West Piedmont,Male,18,4,1,Virginia
2020-04-29,Thomas Jefferson,Not Reported,1,0,0,Virginia
2020-04-29,New River,Not Reported,1,0,0,Virginia
2020-04-29,Alexandria,Not Reported,3,0,0,Virginia
2020-04-29,Chesterfield,Male,261,28,15,Virginia
2020-04-29,Rappahannock,Female,243,37,2,Virginia
2020-04-29,Chickahominy,Female,146,26,7,Virginia
2020-04-29,Arlington,Male,478,90,24,Virginia
2020-04-29,Chesterfield,Not Reported,9,0,0,Virginia
2020-04-29,Richmond,Male,166,36,11,Virginia
2020-04-29,Prince William,Female,953,100,12,Virginia
2020-04-29,Loudoun,Male,344,57,8,Virginia
2020-04-29,Portsmouth,Male,85,17,3,Virginia
2020-04-29,Henrico,Female,525,58,53,Virginia
2020-04-29,Thomas Jefferson,Female,165,32,5,Virginia
2020-04-29,Pittsylvania-Danville,Female,28,10,1,Virginia
2020-04-29,Mount Rogers,Not Reported,1,0,0,Virginia
2020-04-29,Chickahominy,Male,80,22,8,Virginia
2020-04-29,Prince William,Male,956,105,15,Virginia
2020-04-29,Thomas Jefferson,Male,127,27,8,Virginia
2020-04-29,Cumberland Plateau,Male,12,0,0,Virginia
2020-04-29,Lord Fairfax,Not Reported,2,0,0,Virginia
2020-04-29,Portsmouth,Not Reported,1,0,0,Virginia
2020-04-29,Eastern Shore,Female,162,11,3,Virginia
2020-04-29,Three Rivers,Male,162,9,1,Virginia
2020-04-29,Alexandria,Male,361,54,12,Virginia
2020-04-29,Piedmont,Female,82,6,1,Virginia
2020-04-29,New River,Male,34,5,1,Virginia
2020-04-29,Rappahannock,Male,230,54,8,Virginia
2020-04-29,Rappahannock Rapidan,Male,145,15,4,Virginia
2020-04-29,Lord Fairfax,Male,177,20,2,Virginia
2020-04-29,Chesapeake,Male,105,25,3,Virginia
2020-04-29,Norfolk,Female,102,21,0,Virginia
2020-04-29,Alleghany,Female,69,6,2,Virginia
2020-04-29,Crater,Male,84,20,3,Virginia
2020-04-29,Central Shenandoah,Male,335,23,8,Virginia
2020-04-29,Rappahannock Rapidan,Not Reported,7,0,0,Virginia
2020-04-29,Hampton,Male,49,17,1,Virginia
2020-04-29,Southside,Male,44,15,5,Virginia
2020-04-29,Hampton,Female,64,11,0,Virginia
2020-04-29,Fairfax,Male,1855,352,67,Virginia
2020-04-29,Henrico,Not Reported,6,0,1,Virginia
2020-04-29,Alexandria,Female,390,43,9,Virginia
2020-04-29,Arlington,Not Reported,8,0,0,Virginia
2020-04-29,Three Rivers,Female,63,7,1,Virginia
2020-04-29,Hampton,Not Reported,2,0,0,Virginia
2020-04-29,Peninsula,Male,165,54,8,Virginia
2020-04-29,Southside,Female,88,9,5,Virginia
2020-04-29,Prince William,Not Reported,13,0,0,Virginia
2020-04-29,Pittsylvania-Danville,Male,20,9,1,Virginia
2020-04-29,Central Virginia,Female,57,3,0,Virginia
2020-04-29,Lord Fairfax,Female,231,21,2,Virginia
2020-04-29,Western Tidewater,Male,222,29,6,Virginia
2020-04-29,Central Shenandoah,Not Reported,9,0,0,Virginia
2020-04-29,Richmond,Not Reported,4,1,2,Virginia
2020-04-29,Eastern Shore,Male,161,10,1,Virginia
2020-04-29,Rappahannock Rapidan,Female,150,10,1,Virginia
2020-04-29,Roanoke,Male,26,3,0,Virginia
2020-04-29,West Piedmont,Female,23,2,0,Virginia
2020-04-29,Mount Rogers,Male,41,10,4,Virginia
2020-04-29,Cumberland Plateau,Female,13,1,0,Virginia
2020-04-29,Chickahominy,Not Reported,4,1,0,Virginia
2020-04-29,Arlington,Female,481,77,17,Virginia
2020-04-29,Central Shenandoah,Female,405,21,5,Virginia
2020-04-29,Lenowisco,Female,19,6,1,Virginia
2020-04-29,Piedmont,Male,76,15,2,Virginia
2020-04-29,Crater,Not Reported,4,3,0,Virginia
2020-04-29,Fairfax,Not Reported,35,5,1,Virginia
2020-04-29,Portsmouth,Female,72,16,2,Virginia
2020-04-29,Eastern Shore,Not Reported,5,0,0,Virginia
2020-04-29,Western Tidewater,Female,189,17,9,Virginia
2020-04-29,Alleghany,Male,45,10,1,Virginia
2020-04-29,Western Tidewater,Not Reported,2,0,0,Virginia
2020-04-29,Henrico,Male,345,68,46,Virginia
2020-04-28,Chesterfield,Female,311,15,9,Virginia
2020-04-28,Mount Rogers,Female,36,6,0,Virginia
2020-04-28,Virginia Beach,Male,166,43,7,Virginia
2020-04-28,Crater,Female,111,31,9,Virginia
2020-04-28,New River,Female,38,3,0,Virginia
2020-04-28,Central Virginia,Male,68,4,1,Virginia
2020-04-28,Lenowisco,Male,21,8,1,Virginia
2020-04-28,Richmond,Female,161,25,1,Virginia
2020-04-28,Chesapeake,Female,132,31,3,Virginia
2020-04-28,Fairfax,Female,1703,247,66,Virginia
2020-04-28,Peninsula,Female,178,44,13,Virginia
2020-04-28,Loudoun,Female,389,32,7,Virginia
2020-04-28,Norfolk,Male,91,18,3,Virginia
2020-04-28,Loudoun,Not Reported,2,0,0,Virginia
2020-04-28,Rappahannock,Not Reported,3,0,0,Virginia
2020-04-28,Virginia Beach,Female,199,33,5,Virginia
2020-04-28,Roanoke,Female,36,2,0,Virginia
2020-04-28,West Piedmont,Male,18,4,1,Virginia
2020-04-28,Thomas Jefferson,Not Reported,1,0,0,Virginia
2020-04-28,New River,Not Reported,1,0,0,Virginia
2020-04-28,Alexandria,Not Reported,3,0,0,Virginia
2020-04-28,Chesterfield,Male,244,27,14,Virginia
2020-04-28,Rappahannock,Female,226,37,2,Virginia
2020-04-28,Chickahominy,Female,141,26,7,Virginia
2020-04-28,Arlington,Male,454,89,20,Virginia
2020-04-28,Chesterfield,Not Reported,7,0,0,Virginia
2020-04-28,Richmond,Male,159,36,11,Virginia
2020-04-28,Prince William,Female,877,95,12,Virginia
2020-04-28,Loudoun,Male,336,55,7,Virginia
2020-04-28,Portsmouth,Male,81,17,3,Virginia
2020-04-28,Henrico,Female,510,56,51,Virginia
2020-04-28,Thomas Jefferson,Female,144,32,4,Virginia
2020-04-28,Pittsylvania-Danville,Female,27,10,1,Virginia
2020-04-28,Mount Rogers,Not Reported,1,0,0,Virginia
2020-04-28,Chickahominy,Male,78,22,8,Virginia
2020-04-28,Prince William,Male,893,100,14,Virginia
2020-04-28,Thomas Jefferson,Male,119,27,8,Virginia
2020-04-28,Cumberland Plateau,Male,12,0,0,Virginia
2020-04-28,Lord Fairfax,Not Reported,1,0,0,Virginia
2020-04-28,Portsmouth,Not Reported,1,0,0,Virginia
2020-04-28,Eastern Shore,Female,127,11,3,Virginia
2020-04-28,Three Rivers,Male,160,9,1,Virginia
2020-04-28,Alexandria,Male,331,52,12,Virginia
2020-04-28,Piedmont,Female,79,6,1,Virginia
2020-04-28,New River,Male,34,5,1,Virginia
2020-04-28,Rappahannock,Male,210,54,7,Virginia
2020-04-28,Rappahannock Rapidan,Male,137,15,4,Virginia
2020-04-28,Lord Fairfax,Male,166,20,2,Virginia
2020-04-28,Chesapeake,Male,100,25,3,Virginia
2020-04-28,Norfolk,Female,101,21,0,Virginia
2020-04-28,Alleghany,Female,57,6,2,Virginia
2020-04-28,Crater,Male,82,19,3,Virginia
2020-04-28,Central Shenandoah,Male,314,22,8,Virginia
2020-04-28,Rappahannock Rapidan,Not Reported,7,0,0,Virginia
2020-04-28,Hampton,Male,46,17,1,Virginia
2020-04-28,Southside,Male,44,15,5,Virginia
2020-04-28,Hampton,Female,62,11,0,Virginia
2020-04-28,Fairfax,Male,1771,342,61,Virginia
2020-04-28,Henrico,Not Reported,6,0,1,Virginia
2020-04-28,Alexandria,Female,366,40,9,Virginia
2020-04-28,Arlington,Not Reported,8,0,0,Virginia
2020-04-28,Three Rivers,Female,58,7,1,Virginia
2020-04-28,Hampton,Not Reported,1,0,0,Virginia
2020-04-28,Peninsula,Male,160,54,8,Virginia
2020-04-28,Southside,Female,87,9,5,Virginia
2020-04-28,Prince William,Not Reported,13,0,0,Virginia
2020-04-28,Pittsylvania-Danville,Male,19,9,1,Virginia
2020-04-28,Central Virginia,Female,52,3,0,Virginia
2020-04-28,Lord Fairfax,Female,215,17,2,Virginia
2020-04-28,Western Tidewater,Male,206,29,6,Virginia
2020-04-28,Central Shenandoah,Not Reported,8,0,0,Virginia
2020-04-28,Richmond,Not Reported,3,1,2,Virginia
2020-04-28,Eastern Shore,Male,134,10,1,Virginia
2020-04-28,Rappahannock Rapidan,Female,138,10,1,Virginia
2020-04-28,Roanoke,Male,21,3,0,Virginia
2020-04-28,West Piedmont,Female,23,1,0,Virginia
2020-04-28,Mount Rogers,Male,38,10,4,Virginia
2020-04-28,Cumberland Plateau,Female,13,1,0,Virginia
2020-04-28,Chickahominy,Not Reported,4,1,0,Virginia
2020-04-28,Arlington,Female,450,74,12,Virginia
2020-04-28,Central Shenandoah,Female,388,21,5,Virginia
2020-04-28,Lenowisco,Female,19,6,1,Virginia
2020-04-28,Piedmont,Male,71,13,2,Virginia
2020-04-28,Crater,Not Reported,4,3,0,Virginia
2020-04-28,Fairfax,Not Reported,27,3,1,Virginia
2020-04-28,Portsmouth,Female,68,16,2,Virginia
2020-04-28,Eastern Shore,Not Reported,4,0,0,Virginia
2020-04-28,Western Tidewater,Female,176,17,9,Virginia
2020-04-28,Alleghany,Male,42,10,1,Virginia
2020-04-28,Western Tidewater,Not Reported,2,0,0,Virginia
2020-04-28,Henrico,Male,330,66,46,Virginia
2020-04-27,Chesterfield,Female,306,15,9,Virginia
2020-04-27,Mount Rogers,Female,31,5,0,Virginia
2020-04-27,Virginia Beach,Male,164,43,7,Virginia
2020-04-27,Crater,Female,106,29,9,Virginia
2020-04-27,New River,Female,36,3,0,Virginia
2020-04-27,Central Virginia,Male,64,4,1,Virginia
2020-04-27,Lenowisco,Male,21,7,1,Virginia
2020-04-27,Richmond,Female,158,24,1,Virginia
2020-04-27,Chesapeake,Female,127,27,3,Virginia
2020-04-27,Fairfax,Female,1628,234,59,Virginia
2020-04-27,Peninsula,Female,176,44,13,Virginia
2020-04-27,Loudoun,Female,366,30,6,Virginia
2020-04-27,Norfolk,Male,90,18,3,Virginia
2020-04-27,Loudoun,Not Reported,2,0,0,Virginia
2020-04-27,Rappahannock,Not Reported,3,0,0,Virginia
2020-04-27,Virginia Beach,Female,195,33,5,Virginia
2020-04-27,Roanoke,Female,16,2,0,Virginia
2020-04-27,West Piedmont,Male,18,4,1,Virginia
2020-04-27,Thomas Jefferson,Not Reported,1,0,0,Virginia
2020-04-27,New River,Not Reported,1,0,0,Virginia
2020-04-27,Alexandria,Not Reported,4,0,0,Virginia
2020-04-27,Chesterfield,Male,233,25,14,Virginia
2020-04-27,Rappahannock,Female,220,36,2,Virginia
2020-04-27,Chickahominy,Female,141,24,6,Virginia
2020-04-27,Arlington,Male,429,87,20,Virginia
2020-04-27,Chesterfield,Not Reported,7,0,0,Virginia
2020-04-27,Richmond,Male,151,35,11,Virginia
2020-04-27,Prince William,Female,827,93,10,Virginia
2020-04-27,Loudoun,Male,320,54,6,Virginia
2020-04-27,Portsmouth,Male,80,17,3,Virginia
2020-04-27,Henrico,Female,500,55,50,Virginia
2020-04-27,Thomas Jefferson,Female,144,32,4,Virginia
2020-04-27,Pittsylvania-Danville,Female,25,9,1,Virginia
2020-04-27,Mount Rogers,Not Reported,1,0,0,Virginia
2020-04-27,Chickahominy,Male,72,21,8,Virginia
2020-04-27,Prince William,Male,837,90,13,Virginia
2020-04-27,Thomas Jefferson,Male,116,27,8,Virginia
2020-04-27,Cumberland Plateau,Male,11,0,0,Virginia
2020-04-27,Lord Fairfax,Not Reported,1,0,0,Virginia
2020-04-27,West Piedmont,Not Reported,1,0,0,Virginia
2020-04-27,Portsmouth,Not Reported,1,0,0,Virginia
2020-04-27,Eastern Shore,Female,124,11,3,Virginia
2020-04-27,Three Rivers,Male,158,8,0,Virginia
2020-04-27,Alexandria,Male,310,45,11,Virginia
2020-04-27,Piedmont,Female,75,6,1,Virginia
2020-04-27,New River,Male,34,5,1,Virginia
2020-04-27,Rappahannock,Male,203,52,7,Virginia
2020-04-27,Rappahannock Rapidan,Male,135,15,3,Virginia
2020-04-27,Lord Fairfax,Male,155,20,2,Virginia
2020-04-27,Chesapeake,Male,93,23,3,Virginia
2020-04-27,Norfolk,Female,98,20,0,Virginia
2020-04-27,Alleghany,Female,51,6,2,Virginia
2020-04-27,Crater,Male,80,19,3,Virginia
2020-04-27,Central Shenandoah,Male,309,22,7,Virginia
2020-04-27,Rappahannock Rapidan,Not Reported,7,0,0,Virginia
2020-04-27,Hampton,Male,46,17,1,Virginia
2020-04-27,Southside,Male,44,14,4,Virginia
2020-04-27,Hampton,Female,61,11,0,Virginia
2020-04-27,Fairfax,Male,1678,325,58,Virginia
2020-04-27,Henrico,Not Reported,6,0,1,Virginia
2020-04-27,Alexandria,Female,339,37,9,Virginia
2020-04-27,Arlington,Not Reported,8,0,0,Virginia
2020-04-27,Three Rivers,Female,56,7,1,Virginia
2020-04-27,Hampton,Not Reported,1,0,0,Virginia
2020-04-27,Peninsula,Male,160,54,8,Virginia
2020-04-27,Southside,Female,86,9,5,Virginia
2020-04-27,Prince William,Not Reported,13,0,0,Virginia
2020-04-27,Pittsylvania-Danville,Male,19,9,1,Virginia
2020-04-27,Central Virginia,Female,49,3,0,Virginia
2020-04-27,Lord Fairfax,Female,199,16,1,Virginia
2020-04-27,Western Tidewater,Male,205,28,5,Virginia
2020-04-27,Central Shenandoah,Not Reported,7,0,0,Virginia
2020-04-27,Richmond,Not Reported,3,1,2,Virginia
2020-04-27,Eastern Shore,Male,131,10,1,Virginia
2020-04-27,Rappahannock Rapidan,Female,133,9,1,Virginia
2020-04-27,Roanoke,Male,19,3,0,Virginia
2020-04-27,West Piedmont,Female,21,1,0,Virginia
2020-04-27,Mount Rogers,Male,36,10,4,Virginia
2020-04-27,Cumberland Plateau,Female,13,1,0,Virginia
2020-04-27,Chickahominy,Not Reported,4,1,0,Virginia
2020-04-27,Arlington,Female,428,70,12,Virginia
2020-04-27,Central Shenandoah,Female,382,20,4,Virginia
2020-04-27,Lenowisco,Female,19,6,1,Virginia
2020-04-27,Piedmont,Male,69,12,2,Virginia
2020-04-27,Crater,Not Reported,4,3,0,Virginia
2020-04-27,Fairfax,Not Reported,25,3,1,Virginia
2020-04-27,Portsmouth,Female,68,15,2,Virginia
2020-04-27,Eastern Shore,Not Reported,3,0,0,Virginia
2020-04-27,Western Tidewater,Female,174,17,6,Virginia
2020-04-27,Alleghany,Male,37,9,1,Virginia
2020-04-27,Western Tidewater,Not Reported,2,0,0,Virginia
2020-04-27,Henrico,Male,329,65,44,Virginia
2020-04-26,Chesterfield,Female,286,15,8,Virginia
2020-04-26,Mount Rogers,Female,30,5,0,Virginia
2020-04-26,Virginia Beach,Male,162,41,6,Virginia
2020-04-26,Crater,Female,106,29,9,Virginia
2020-04-26,New River,Female,36,3,0,Virginia
2020-04-26,Central Virginia,Male,64,4,1,Virginia
2020-04-26,Lenowisco,Male,19,7,1,Virginia
2020-04-26,Richmond,Female,153,23,1,Virginia
2020-04-26,Chesapeake,Female,122,23,3,Virginia
2020-04-26,Fairfax,Female,1478,217,53,Virginia
2020-04-26,Peninsula,Female,173,44,13,Virginia
2020-04-26,Loudoun,Female,331,25,6,Virginia
2020-04-26,Norfolk,Male,91,18,3,Virginia
2020-04-26,Loudoun,Not Reported,2,0,0,Virginia
2020-04-26,Rappahannock,Not Reported,3,0,0,Virginia
2020-04-26,Virginia Beach,Female,193,31,4,Virginia
2020-04-26,Roanoke,Female,15,2,0,Virginia
2020-04-26,West Piedmont,Male,17,4,1,Virginia
2020-04-26,Thomas Jefferson,Not Reported,1,0,0,Virginia
2020-04-26,New River,Not Reported,1,0,0,Virginia
2020-04-26,Alexandria,Not Reported,4,0,0,Virginia
2020-04-26,Chesterfield,Male,220,24,13,Virginia
2020-04-26,Rappahannock,Female,212,36,2,Virginia
2020-04-26,Chickahominy,Female,140,21,4,Virginia
2020-04-26,Arlington,Male,417,77,20,Virginia
2020-04-26,Chesterfield,Not Reported,7,0,0,Virginia
2020-04-26,Richmond,Male,148,35,11,Virginia
2020-04-26,Prince William,Female,771,86,9,Virginia
2020-04-26,Loudoun,Male,295,53,6,Virginia
2020-04-26,Portsmouth,Male,47,17,3,Virginia
2020-04-26,Henrico,Female,489,52,47,Virginia
2020-04-26,Thomas Jefferson,Female,141,32,3,Virginia
2020-04-26,Pittsylvania-Danville,Female,25,9,1,Virginia
2020-04-26,Mount Rogers,Not Reported,1,0,0,Virginia
2020-04-26,Chickahominy,Male,69,21,8,Virginia
2020-04-26,Prince William,Male,784,85,14,Virginia
2020-04-26,Thomas Jefferson,Male,116,25,8,Virginia
2020-04-26,Cumberland Plateau,Male,9,0,0,Virginia
2020-04-26,Lord Fairfax,Not Reported,2,0,0,Virginia
2020-04-26,Portsmouth,Not Reported,1,0,0,Virginia
2020-04-26,Eastern Shore,Female,104,10,2,Virginia
2020-04-26,Three Rivers,Male,151,8,0,Virginia
2020-04-26,Alexandria,Male,301,42,10,Virginia
2020-04-26,Piedmont,Female,74,6,1,Virginia
2020-04-26,New River,Male,34,5,1,Virginia
2020-04-26,Rappahannock,Male,195,51,7,Virginia
2020-04-26,Rappahannock Rapidan,Male,123,14,3,Virginia
2020-04-26,Lord Fairfax,Male,150,20,1,Virginia
2020-04-26,Chesapeake,Male,92,22,3,Virginia
2020-04-26,Norfolk,Female,93,18,0,Virginia
2020-04-26,Alleghany,Female,51,5,2,Virginia
2020-04-26,Crater,Male,80,19,3,Virginia
2020-04-26,Central Shenandoah,Male,274,22,7,Virginia
2020-04-26,Rappahannock Rapidan,Not Reported,6,0,0,Virginia
2020-04-26,Hampton,Male,46,17,1,Virginia
2020-04-26,Southside,Male,42,14,4,Virginia
2020-04-26,Hampton,Female,61,11,0,Virginia
2020-04-26,Fairfax,Male,1556,309,50,Virginia
2020-04-26,Henrico,Not Reported,6,0,1,Virginia
2020-04-26,Alexandria,Female,322,37,8,Virginia
2020-04-26,Arlington,Not Reported,8,0,0,Virginia
2020-04-26,Three Rivers,Female,53,6,1,Virginia
2020-04-26,Hampton,Not Reported,1,0,0,Virginia
2020-04-26,Peninsula,Male,158,54,8,Virginia
2020-04-26,Southside,Female,87,9,5,Virginia
2020-04-26,Prince William,Not Reported,13,0,0,Virginia
2020-04-26,Pittsylvania-Danville,Male,19,9,1,Virginia
2020-04-26,Central Virginia,Female,49,3,0,Virginia
2020-04-26,Lord Fairfax,Female,192,15,1,Virginia
2020-04-26,Western Tidewater,Male,203,27,3,Virginia
2020-04-26,Central Shenandoah,Not Reported,7,0,0,Virginia
2020-04-26,Richmond,Not Reported,3,1,2,Virginia
2020-04-26,Eastern Shore,Male,117,10,1,Virginia
2020-04-26,Rappahannock Rapidan,Female,121,8,1,Virginia
2020-04-26,Roanoke,Male,18,3,0,Virginia
2020-04-26,West Piedmont,Female,19,1,0,Virginia
2020-04-26,Mount Rogers,Male,35,10,4,Virginia
2020-04-26,Cumberland Plateau,Female,13,1,0,Virginia
2020-04-26,Chickahominy,Not Reported,4,1,0,Virginia
2020-04-26,Arlington,Female,411,67,12,Virginia
2020-04-26,Central Shenandoah,Female,366,20,4,Virginia
2020-04-26,Lenowisco,Female,18,6,1,Virginia
2020-04-26,Piedmont,Male,59,11,2,Virginia
2020-04-26,Crater,Not Reported,4,3,0,Virginia
2020-04-26,Fairfax,Not Reported,21,3,1,Virginia
2020-04-26,Portsmouth,Female,66,15,2,Virginia
2020-04-26,Eastern Shore,Not Reported,2,0,0,Virginia
2020-04-26,Western Tidewater,Female,166,16,5,Virginia
2020-04-26,Alleghany,Male,36,9,1,Virginia
2020-04-26,Western Tidewater,Not Reported,2,0,0,Virginia
2020-04-26,Henrico,Male,322,64,41,Virginia
2020-04-25,Chesterfield,Female,286,15,8,Virginia
2020-04-25,Mount Rogers,Female,30,5,0,Virginia
2020-04-25,Virginia Beach,Male,160,41,6,Virginia
2020-04-25,Crater,Female,96,27,8,Virginia
2020-04-25,New River,Female,35,3,0,Virginia
2020-04-25,Central Virginia,Male,63,4,1,Virginia
2020-04-25,Lenowisco,Male,19,7,1,Virginia
2020-04-25,Richmond,Female,153,23,1,Virginia
2020-04-25,Chesapeake,Female,118,23,3,Virginia
2020-04-25,Fairfax,Female,1426,209,49,Virginia
2020-04-25,Peninsula,Female,172,43,13,Virginia
2020-04-25,Loudoun,Female,310,23,5,Virginia
2020-04-25,Norfolk,Male,89,18,3,Virginia
2020-04-25,Rappahannock,Not Reported,1,0,0,Virginia
2020-04-25,Loudoun,Not Reported,2,0,0,Virginia
2020-04-25,Virginia Beach,Female,185,31,4,Virginia
2020-04-25,Roanoke,Female,15,2,0,Virginia
2020-04-25,West Piedmont,Male,17,4,1,Virginia
2020-04-25,Thomas Jefferson,Not Reported,1,0,0,Virginia
2020-04-25,New River,Not Reported,2,0,0,Virginia
2020-04-25,Alexandria,Not Reported,4,0,0,Virginia
2020-04-25,Chesterfield,Male,220,24,13,Virginia
2020-04-25,Rappahannock,Female,203,36,2,Virginia
2020-04-25,Chickahominy,Female,136,21,4,Virginia
2020-04-25,Arlington,Male,390,77,20,Virginia
2020-04-25,Chesterfield,Not Reported,7,0,0,Virginia
2020-04-25,Richmond,Male,145,34,11,Virginia
2020-04-25,Prince William,Female,726,79,9,Virginia
2020-04-25,Loudoun,Male,284,53,6,Virginia
2020-04-25,Portsmouth,Male,44,17,3,Virginia
2020-04-25,Henrico,Female,470,52,47,Virginia
2020-04-25,Thomas Jefferson,Female,137,27,3,Virginia
2020-04-25,Pittsylvania-Danville,Female,25,9,1,Virginia
2020-04-25,Mount Rogers,Not Reported,1,0,0,Virginia
2020-04-25,Chickahominy,Male,68,21,8,Virginia
2020-04-25,Prince William,Male,728,76,13,Virginia
2020-04-25,Thomas Jefferson,Male,116,23,8,Virginia
2020-04-25,Cumberland Plateau,Male,8,0,0,Virginia
2020-04-25,Lord Fairfax,Not Reported,3,0,0,Virginia
2020-04-25,Portsmouth,Not Reported,1,0,0,Virginia
2020-04-25,Eastern Shore,Female,101,10,2,Virginia
2020-04-25,Three Rivers,Male,109,8,0,Virginia
2020-04-25,Alexandria,Male,278,42,10,Virginia
2020-04-25,Piedmont,Female,71,6,1,Virginia
2020-04-25,New River,Male,32,5,1,Virginia
2020-04-25,Rappahannock,Male,187,51,7,Virginia
2020-04-25,Rappahannock Rapidan,Male,114,13,2,Virginia
2020-04-25,Lord Fairfax,Male,145,20,0,Virginia
2020-04-25,Chesapeake,Male,90,22,3,Virginia
2020-04-25,Norfolk,Female,90,16,0,Virginia
2020-04-25,Alleghany,Female,48,5,2,Virginia
2020-04-25,Crater,Male,73,19,3,Virginia
2020-04-25,Central Shenandoah,Male,263,22,7,Virginia
2020-04-25,Rappahannock Rapidan,Not Reported,5,0,0,Virginia
2020-04-25,Hampton,Male,45,17,1,Virginia
2020-04-25,Southside,Male,42,14,4,Virginia
2020-04-25,Hampton,Female,58,11,0,Virginia
2020-04-25,Fairfax,Male,1494,304,49,Virginia
2020-04-25,Henrico,Not Reported,6,0,1,Virginia
2020-04-25,Alexandria,Female,309,38,9,Virginia
2020-04-25,Arlington,Not Reported,5,0,0,Virginia
2020-04-25,Three Rivers,Female,52,6,1,Virginia
2020-04-25,Hampton,Not Reported,1,0,0,Virginia
2020-04-25,Peninsula,Male,157,54,7,Virginia
2020-04-25,Southside,Female,83,9,5,Virginia
2020-04-25,Prince William,Not Reported,14,0,0,Virginia
2020-04-25,Pittsylvania-Danville,Male,19,8,1,Virginia
2020-04-25,Central Virginia,Female,48,3,0,Virginia
2020-04-25,Lord Fairfax,Female,186,15,1,Virginia
2020-04-25,Western Tidewater,Male,203,27,3,Virginia
2020-04-25,Central Shenandoah,Not Reported,7,0,0,Virginia
2020-04-25,Richmond,Not Reported,3,1,2,Virginia
2020-04-25,Eastern Shore,Male,110,8,1,Virginia
2020-04-25,Rappahannock Rapidan,Female,113,8,1,Virginia
2020-04-25,Roanoke,Male,18,3,0,Virginia
2020-04-25,West Piedmont,Female,18,1,0,Virginia
2020-04-25,Mount Rogers,Male,35,10,4,Virginia
2020-04-25,Cumberland Plateau,Female,12,1,0,Virginia
2020-04-25,Chickahominy,Not Reported,4,1,0,Virginia
2020-04-25,Arlington,Female,395,64,12,Virginia
2020-04-25,Central Shenandoah,Female,355,19,4,Virginia
2020-04-25,Lenowisco,Female,17,5,1,Virginia
2020-04-25,Piedmont,Male,52,11,2,Virginia
2020-04-25,Crater,Not Reported,4,3,0,Virginia
2020-04-25,Fairfax,Not Reported,21,3,1,Virginia
2020-04-25,Portsmouth,Female,63,15,2,Virginia
2020-04-25,Western Tidewater,Female,166,16,5,Virginia
2020-04-25,Alleghany,Male,35,9,1,Virginia
2020-04-25,Western Tidewater,Not Reported,2,0,0,Virginia
2020-04-25,Henrico,Male,316,64,41,Virginia
2020-04-24,Chesterfield,Female,277,15,8,Virginia
2020-04-24,Mount Rogers,Female,27,5,0,Virginia
2020-04-24,Virginia Beach,Male,156,40,6,Virginia
2020-04-24,Crater,Female,94,21,6,Virginia
2020-04-24,New River,Female,35,3,0,Virginia
2020-04-24,Central Virginia,Male,57,4,1,Virginia
2020-04-24,Lenowisco,Male,18,7,1,Virginia
2020-04-24,Richmond,Female,146,22,1,Virginia
2020-04-24,Chesapeake,Female,116,23,3,Virginia
2020-04-24,Fairfax,Female,1345,197,47,Virginia
2020-04-24,Peninsula,Female,170,43,13,Virginia
2020-04-24,Loudoun,Female,291,22,5,Virginia
2020-04-24,Norfolk,Male,82,17,3,Virginia
2020-04-24,Rappahannock,Not Reported,1,0,0,Virginia
2020-04-24,Loudoun,Not Reported,2,0,0,Virginia
2020-04-24,Virginia Beach,Female,179,31,4,Virginia
2020-04-24,Roanoke,Female,15,2,0,Virginia
2020-04-24,West Piedmont,Male,16,4,1,Virginia
2020-04-24,Thomas Jefferson,Not Reported,1,0,0,Virginia
2020-04-24,New River,Not Reported,2,0,0,Virginia
2020-04-24,Alexandria,Not Reported,4,0,0,Virginia
2020-04-24,Chesterfield,Male,210,24,13,Virginia
2020-04-24,Rappahannock,Female,191,32,2,Virginia
2020-04-24,Chickahominy,Female,133,19,4,Virginia
2020-04-24,Arlington,Male,377,76,17,Virginia
2020-04-24,Chesterfield,Not Reported,7,0,0,Virginia
2020-04-24,Richmond,Male,137,32,11,Virginia
2020-04-24,Prince William,Female,686,76,8,Virginia
2020-04-24,Loudoun,Male,271,50,6,Virginia
2020-04-24,Portsmouth,Male,41,17,3,Virginia
2020-04-24,Henrico,Female,448,52,47,Virginia
2020-04-24,Thomas Jefferson,Female,135,27,3,Virginia
2020-04-24,Pittsylvania-Danville,Female,25,9,1,Virginia
2020-04-24,Mount Rogers,Not Reported,1,0,0,Virginia
2020-04-24,Chickahominy,Male,67,20,8,Virginia
2020-04-24,Prince William,Male,686,74,13,Virginia
2020-04-24,Thomas Jefferson,Male,113,23,8,Virginia
2020-04-24,Cumberland Plateau,Male,8,0,0,Virginia
2020-04-24,Lord Fairfax,Not Reported,2,0,0,Virginia
2020-04-24,Portsmouth,Not Reported,1,0,0,Virginia
2020-04-24,Eastern Shore,Female,77,10,2,Virginia
2020-04-24,Three Rivers,Male,100,8,0,Virginia
2020-04-24,Alexandria,Male,272,42,10,Virginia
2020-04-24,Piedmont,Female,70,6,1,Virginia
2020-04-24,New River,Male,32,5,1,Virginia
2020-04-24,Rappahannock,Male,176,46,7,Virginia
2020-04-24,Rappahannock Rapidan,Male,106,13,2,Virginia
2020-04-24,Lord Fairfax,Male,144,20,0,Virginia
2020-04-24,Chesapeake,Male,84,22,3,Virginia
2020-04-24,Norfolk,Female,87,15,0,Virginia
2020-04-24,Alleghany,Female,47,5,2,Virginia
2020-04-24,Crater,Male,72,17,3,Virginia
2020-04-24,Central Shenandoah,Male,263,22,7,Virginia
2020-04-24,Rappahannock Rapidan,Not Reported,5,0,0,Virginia
2020-04-24,Hampton,Male,45,17,1,Virginia
2020-04-24,Southside,Male,39,14,4,Virginia
2020-04-24,Hampton,Female,56,9,0,Virginia
2020-04-24,Fairfax,Male,1432,288,47,Virginia
2020-04-24,Henrico,Not Reported,6,0,1,Virginia
2020-04-24,Alexandria,Female,299,38,8,Virginia
2020-04-24,Arlington,Not Reported,5,0,0,Virginia
2020-04-24,Three Rivers,Female,46,6,1,Virginia
2020-04-24,Peninsula,Male,155,54,7,Virginia
2020-04-24,Southside,Female,76,9,5,Virginia
2020-04-24,Prince William,Not Reported,10,0,0,Virginia
2020-04-24,Pittsylvania-Danville,Male,18,8,1,Virginia
2020-04-24,Central Virginia,Female,46,3,0,Virginia
2020-04-24,Lord Fairfax,Female,183,15,1,Virginia
2020-04-24,Western Tidewater,Male,179,26,3,Virginia
2020-04-24,Central Shenandoah,Not Reported,7,0,0,Virginia
2020-04-24,Richmond,Not Reported,4,1,2,Virginia
2020-04-24,Eastern Shore,Male,89,8,1,Virginia
2020-04-24,Rappahannock Rapidan,Female,105,8,1,Virginia
2020-04-24,Roanoke,Male,18,3,0,Virginia
2020-04-24,West Piedmont,Female,18,1,0,Virginia
2020-04-24,Mount Rogers,Male,31,10,4,Virginia
2020-04-24,Cumberland Plateau,Female,12,1,0,Virginia
2020-04-24,Chickahominy,Not Reported,4,1,0,Virginia
2020-04-24,Arlington,Female,382,63,12,Virginia
2020-04-24,Central Shenandoah,Female,354,18,4,Virginia
2020-04-24,Lenowisco,Female,17,5,1,Virginia
2020-04-24,Piedmont,Male,48,11,2,Virginia
2020-04-24,Crater,Not Reported,4,3,0,Virginia
2020-04-24,Fairfax,Not Reported,20,3,0,Virginia
2020-04-24,Portsmouth,Female,61,14,2,Virginia
2020-04-24,Western Tidewater,Female,143,15,5,Virginia
2020-04-24,Alleghany,Male,35,9,1,Virginia
2020-04-24,Western Tidewater,Not Reported,1,0,0,Virginia
2020-04-24,Henrico,Male,310,63,41,Virginia
2020-04-23,Chesterfield,Female,263,15,8,Virginia
2020-04-23,Mount Rogers,Female,27,5,0,Virginia
2020-04-23,Virginia Beach,Male,153,36,6,Virginia
2020-04-23,Crater,Female,94,19,6,Virginia
2020-04-23,New River,Female,34,3,0,Virginia
2020-04-23,Central Virginia,Male,57,4,1,Virginia
2020-04-23,Lenowisco,Male,18,7,1,Virginia
2020-04-23,Richmond,Female,139,20,1,Virginia
2020-04-23,Chesapeake,Female,115,21,2,Virginia
2020-04-23,Fairfax,Female,1248,188,44,Virginia
2020-04-23,Peninsula,Female,167,43,13,Virginia
2020-04-23,Loudoun,Female,268,22,5,Virginia
2020-04-23,Norfolk,Male,57,16,3,Virginia
2020-04-23,Loudoun,Not Reported,2,0,0,Virginia
2020-04-23,Rappahannock,Not Reported,4,0,0,Virginia
2020-04-23,Virginia Beach,Female,178,29,4,Virginia
2020-04-23,Roanoke,Female,15,2,0,Virginia
2020-04-23,West Piedmont,Male,16,4,1,Virginia
2020-04-23,Thomas Jefferson,Not Reported,1,0,0,Virginia
2020-04-23,New River,Not Reported,2,0,0,Virginia
2020-04-23,Alexandria,Not Reported,4,0,0,Virginia
2020-04-23,Chesterfield,Male,200,22,12,Virginia
2020-04-23,Rappahannock,Female,187,32,2,Virginia
2020-04-23,Chickahominy,Female,131,19,4,Virginia
2020-04-23,Arlington,Male,353,65,14,Virginia
2020-04-23,Chesterfield,Not Reported,10,1,0,Virginia
2020-04-23,Richmond,Male,125,30,11,Virginia
2020-04-23,Prince William,Female,646,68,8,Virginia
2020-04-23,Loudoun,Male,259,45,5,Virginia
2020-04-23,Portsmouth,Male,42,17,2,Virginia
2020-04-23,Henrico,Female,424,48,46,Virginia
2020-04-23,Thomas Jefferson,Female,133,27,3,Virginia
2020-04-23,Pittsylvania-Danville,Female,25,9,1,Virginia
2020-04-23,Mount Rogers,Not Reported,1,0,0,Virginia
2020-04-23,Chickahominy,Male,66,20,8,Virginia
2020-04-23,Prince William,Male,635,70,12,Virginia
2020-04-23,Thomas Jefferson,Male,110,22,8,Virginia
2020-04-23,Cumberland Plateau,Male,6,0,0,Virginia
2020-04-23,Portsmouth,Not Reported,1,0,0,Virginia
2020-04-23,Eastern Shore,Female,51,10,2,Virginia
2020-04-23,Three Rivers,Male,89,6,0,Virginia
2020-04-23,Alexandria,Male,258,43,9,Virginia
2020-04-23,Piedmont,Female,68,6,1,Virginia
2020-04-23,New River,Male,31,5,0,Virginia
2020-04-23,Rappahannock,Male,164,43,7,Virginia
2020-04-23,Rappahannock Rapidan,Male,99,13,2,Virginia
2020-04-23,Lord Fairfax,Male,124,17,0,Virginia
2020-04-23,Chesapeake,Male,82,22,3,Virginia
2020-04-23,Norfolk,Female,84,15,0,Virginia
2020-04-23,Alleghany,Female,47,5,2,Virginia
2020-04-23,Crater,Male,69,13,3,Virginia
2020-04-23,Central Shenandoah,Male,250,22,7,Virginia
2020-04-23,Rappahannock Rapidan,Not Reported,6,0,0,Virginia
2020-04-23,Hampton,Male,45,17,1,Virginia
2020-04-23,Southside,Male,37,14,3,Virginia
2020-04-23,Hampton,Female,54,9,0,Virginia
2020-04-23,Fairfax,Male,1315,269,45,Virginia
2020-04-23,Henrico,Not Reported,6,0,1,Virginia
2020-04-23,Alexandria,Female,285,38,6,Virginia
2020-04-23,Arlington,Not Reported,5,0,0,Virginia
2020-04-23,Three Rivers,Female,33,5,1,Virginia
2020-04-23,Peninsula,Male,153,53,7,Virginia
2020-04-23,Southside,Female,67,9,4,Virginia
2020-04-23,Prince William,Not Reported,10,0,0,Virginia
2020-04-23,Pittsylvania-Danville,Male,17,8,1,Virginia
2020-04-23,Central Virginia,Female,45,3,0,Virginia
2020-04-23,Lord Fairfax,Female,132,14,0,Virginia
2020-04-23,Western Tidewater,Male,177,26,3,Virginia
2020-04-23,Central Shenandoah,Not Reported,8,0,0,Virginia
2020-04-23,Richmond,Not Reported,3,1,2,Virginia
2020-04-23,Eastern Shore,Male,64,8,1,Virginia
2020-04-23,Rappahannock Rapidan,Female,95,8,1,Virginia
2020-04-23,Roanoke,Male,18,3,0,Virginia
2020-04-23,West Piedmont,Female,17,1,0,Virginia
2020-04-23,Mount Rogers,Male,31,10,4,Virginia
2020-04-23,Cumberland Plateau,Female,12,1,0,Virginia
2020-04-23,Chickahominy,Not Reported,4,1,0,Virginia
2020-04-23,Arlington,Female,364,55,10,Virginia
2020-04-23,Central Shenandoah,Female,341,17,4,Virginia
2020-04-23,Lenowisco,Female,17,5,1,Virginia
2020-04-23,Piedmont,Male,43,11,2,Virginia
2020-04-23,Crater,Not Reported,4,3,0,Virginia
2020-04-23,Fairfax,Not Reported,21,3,0,Virginia
2020-04-23,Portsmouth,Female,57,13,2,Virginia
2020-04-23,Western Tidewater,Female,141,15,4,Virginia
2020-04-23,Alleghany,Male,35,9,1,Virginia
2020-04-23,Western Tidewater,Not Reported,1,0,0,Virginia
2020-04-23,Henrico,Male,299,59,39,Virginia
2020-04-22,Chesterfield,Female,247,14,2,Virginia
2020-04-22,Mount Rogers,Female,27,5,0,Virginia
2020-04-22,Virginia Beach,Male,151,35,5,Virginia
2020-04-22,Crater,Female,94,17,6,Virginia
2020-04-22,New River,Female,34,3,0,Virginia
2020-04-22,Central Virginia,Male,56,4,1,Virginia
2020-04-22,Lenowisco,Male,18,7,1,Virginia
2020-04-22,Chesapeake,Female,106,19,2,Virginia
2020-04-22,Richmond,Female,136,17,1,Virginia
2020-04-22,Fairfax,Female,1174,175,38,Virginia
2020-04-22,Peninsula,Female,165,43,13,Virginia
2020-04-22,Loudoun,Female,252,21,5,Virginia
2020-04-22,Norfolk,Male,55,16,3,Virginia
2020-04-22,Rappahannock,Not Reported,4,0,0,Virginia
2020-04-22,Loudoun,Not Reported,2,0,0,Virginia
2020-04-22,Virginia Beach,Female,177,26,3,Virginia
2020-04-22,Roanoke,Female,10,2,0,Virginia
2020-04-22,West Piedmont,Male,13,3,1,Virginia
2020-04-22,Thomas Jefferson,Not Reported,1,0,0,Virginia
2020-04-22,New River,Not Reported,1,0,0,Virginia
2020-04-22,Alexandria,Not Reported,3,0,0,Virginia
2020-04-22,Chesterfield,Male,195,19,7,Virginia
2020-04-22,Rappahannock,Female,178,32,2,Virginia
2020-04-22,Chickahominy,Female,122,17,4,Virginia
2020-04-22,Arlington,Male,335,65,14,Virginia
2020-04-22,Chesterfield,Not Reported,10,1,0,Virginia
2020-04-22,Richmond,Male,119,26,10,Virginia
2020-04-22,Prince William,Female,600,64,8,Virginia
2020-04-22,Loudoun,Male,244,43,5,Virginia
2020-04-22,Portsmouth,Male,42,17,2,Virginia
2020-04-22,Henrico,Female,418,45,43,Virginia
2020-04-22,Thomas Jefferson,Female,131,27,2,Virginia
2020-04-22,Pittsylvania-Danville,Female,25,9,1,Virginia
2020-04-22,Mount Rogers,Not Reported,1,0,0,Virginia
2020-04-22,Chickahominy,Male,68,20,8,Virginia
2020-04-22,Prince William,Male,585,68,12,Virginia
2020-04-22,Thomas Jefferson,Male,110,21,8,Virginia
2020-04-22,Cumberland Plateau,Male,6,0,0,Virginia
2020-04-22,Portsmouth,Not Reported,1,0,0,Virginia
2020-04-22,Eastern Shore,Female,35,10,2,Virginia
2020-04-22,Three Rivers,Male,89,6,0,Virginia
2020-04-22,Alexandria,Male,246,40,9,Virginia
2020-04-22,Piedmont,Female,66,6,1,Virginia
2020-04-22,New River,Male,31,5,0,Virginia
2020-04-22,Rappahannock,Male,154,43,7,Virginia
2020-04-22,Rappahannock Rapidan,Male,92,11,1,Virginia
2020-04-22,Lord Fairfax,Male,113,16,0,Virginia
2020-04-22,Chesapeake,Male,80,21,3,Virginia
2020-04-22,Norfolk,Female,81,15,0,Virginia
2020-04-22,Alleghany,Female,43,5,2,Virginia
2020-04-22,Crater,Male,66,12,3,Virginia
2020-04-22,Central Shenandoah,Male,242,21,6,Virginia
2020-04-22,Rappahannock Rapidan,Not Reported,4,0,0,Virginia
2020-04-22,Hampton,Male,45,17,1,Virginia
2020-04-22,Southside,Male,35,14,1,Virginia
2020-04-22,Hampton,Female,54,9,0,Virginia
2020-04-22,Fairfax,Male,1224,258,42,Virginia
2020-04-22,Henrico,Not Reported,6,0,1,Virginia
2020-04-22,Alexandria,Female,263,34,5,Virginia
2020-04-22,Arlington,Not Reported,5,0,0,Virginia
2020-04-22,Three Rivers,Female,33,5,1,Virginia
2020-04-22,Peninsula,Male,152,53,7,Virginia
2020-04-22,Southside,Female,62,8,0,Virginia
2020-04-22,Prince William,Not Reported,7,0,0,Virginia
2020-04-22,Pittsylvania-Danville,Male,17,8,1,Virginia
2020-04-22,Central Virginia,Female,43,3,0,Virginia
2020-04-22,Lord Fairfax,Female,121,12,0,Virginia
2020-04-22,Western Tidewater,Male,174,25,2,Virginia
2020-04-22,Central Shenandoah,Not Reported,8,0,0,Virginia
2020-04-22,Richmond,Not Reported,4,2,2,Virginia
2020-04-22,Eastern Shore,Male,53,8,0,Virginia
2020-04-22,Rappahannock Rapidan,Female,89,8,1,Virginia
2020-04-22,Roanoke,Male,18,3,0,Virginia
2020-04-22,West Piedmont,Female,15,1,0,Virginia
2020-04-22,Mount Rogers,Male,31,10,4,Virginia
2020-04-22,Cumberland Plateau,Female,12,1,0,Virginia
2020-04-22,Chickahominy,Not Reported,4,1,0,Virginia
2020-04-22,Arlington,Female,346,53,10,Virginia
2020-04-22,Central Shenandoah,Female,325,16,4,Virginia
2020-04-22,Lenowisco,Female,16,5,1,Virginia
2020-04-22,Piedmont,Male,38,11,2,Virginia
2020-04-22,Fairfax,Not Reported,15,3,0,Virginia
2020-04-22,Crater,Not Reported,4,3,0,Virginia
2020-04-22,Portsmouth,Female,55,13,2,Virginia
2020-04-22,Western Tidewater,Female,138,15,4,Virginia
2020-04-22,Alleghany,Male,33,8,1,Virginia
2020-04-22,Western Tidewater,Not Reported,1,0,0,Virginia
2020-04-22,Henrico,Male,294,54,39,Virginia
2020-04-21,Virginia Beach,Female,167,25,3,Virginia
2020-04-21,Roanoke,Female,9,2,0,Virginia
2020-04-21,Chickahominy,Female,120,16,4,Virginia
2020-04-21,Chesterfield,Female,206,13,2,Virginia
2020-04-21,Piedmont,Male,30,11,2,Virginia
2020-04-21,Rappahannock,Not Reported,3,0,0,Virginia
2020-04-21,Southside,Male,34,13,1,Virginia
2020-04-21,Richmond,Female,132,16,1,Virginia
2020-04-21,West Piedmont,Male,13,3,1,Virginia
2020-04-21,Alexandria,Not Reported,2,0,0,Virginia
2020-04-21,Chesapeake,Female,102,18,2,Virginia
2020-04-21,Mount Rogers,Not Reported,1,0,0,Virginia
2020-04-21,Rappahannock,Female,164,32,2,Virginia
2020-04-21,Portsmouth,Male,39,17,2,Virginia
2020-04-21,Loudoun,Not Reported,2,0,0,Virginia
2020-04-21,West Piedmont,Female,15,1,0,Virginia
2020-04-21,New River,Male,31,5,0,Virginia
2020-04-21,Cumberland Plateau,Male,6,0,0,Virginia
2020-04-21,Rappahannock Rapidan,Female,79,8,1,Virginia
2020-04-21,Pittsylvania-Danville,Male,16,8,1,Virginia
2020-04-21,Loudoun,Female,242,20,5,Virginia
2020-04-21,Fairfax,Not Reported,13,1,0,Virginia
2020-04-21,Henrico,Female,391,43,42,Virginia
2020-04-21,Lord Fairfax,Female,112,9,0,Virginia
2020-04-21,Loudoun,Male,231,41,4,Virginia
2020-04-21,Rappahannock Rapidan,Not Reported,2,0,0,Virginia
2020-04-21,Arlington,Male,327,65,14,Virginia
2020-04-21,Piedmont,Female,60,5,1,Virginia
2020-04-21,Chickahominy,Not Reported,5,1,0,Virginia
2020-04-21,Western Tidewater,Female,135,15,4,Virginia
2020-04-21,Crater,Female,79,14,6,Virginia
2020-04-21,Richmond,Male,114,23,8,Virginia
2020-04-21,Rappahannock,Male,143,43,7,Virginia
2020-04-21,Chesterfield,Male,187,16,7,Virginia
2020-04-21,Henrico,Not Reported,7,1,1,Virginia
2020-04-21,Fairfax,Female,1118,162,31,Virginia
2020-04-21,Alexandria,Female,246,31,4,Virginia
2020-04-21,Fairfax,Male,1175,246,37,Virginia
2020-04-21,Alexandria,Male,226,34,8,Virginia
2020-04-21,Portsmouth,Female,53,13,2,Virginia
2020-04-21,Virginia Beach,Male,146,35,5,Virginia
2020-04-21,Cumberland Plateau,Female,12,1,0,Virginia
2020-04-21,Central Shenandoah,Not Reported,8,0,0,Virginia
2020-04-21,Central Shenandoah,Male,222,20,6,Virginia
2020-04-21,Arlington,Female,331,51,10,Virginia
2020-04-21,Pittsylvania-Danville,Female,22,9,1,Virginia
2020-04-21,Three Rivers,Female,26,4,1,Virginia
2020-04-21,Lord Fairfax,Male,105,12,0,Virginia
2020-04-21,Hampton,Female,52,9,0,Virginia
2020-04-21,Southside,Female,60,8,0,Virginia
2020-04-21,Alleghany,Female,41,5,2,Virginia
2020-04-21,Arlington,Not Reported,5,0,0,Virginia
2020-04-21,Henrico,Male,286,52,39,Virginia
2020-04-21,New River,Female,34,3,0,Virginia
2020-04-21,Prince William,Not Reported,6,0,0,Virginia
2020-04-21,Thomas Jefferson,Female,127,26,2,Virginia
2020-04-21,Crater,Male,56,10,3,Virginia
2020-04-21,Central Shenandoah,Female,295,16,3,Virginia
2020-04-21,Eastern Shore,Female,23,9,1,Virginia
2020-04-21,Lenowisco,Male,16,5,1,Virginia
2020-04-21,Norfolk,Male,49,16,3,Virginia
2020-04-21,New River,Not Reported,1,0,0,Virginia
2020-04-21,Three Rivers,Male,78,6,0,Virginia
2020-04-21,Prince William,Female,547,57,7,Virginia
2020-04-21,Eastern Shore,Male,44,7,0,Virginia
2020-04-21,Hampton,Male,45,17,1,Virginia
2020-04-21,Peninsula,Male,151,53,7,Virginia
2020-04-21,Norfolk,Female,77,13,0,Virginia
2020-04-21,Chickahominy,Male,66,18,7,Virginia
2020-04-21,Prince William,Male,522,65,11,Virginia
2020-04-21,Mount Rogers,Female,27,5,0,Virginia
2020-04-21,Roanoke,Male,18,3,0,Virginia
2020-04-21,Peninsula,Female,160,43,13,Virginia
2020-04-21,Alleghany,Male,32,8,1,Virginia
2020-04-21,Portsmouth,Not Reported,1,0,0,Virginia
2020-04-21,Mount Rogers,Male,30,10,4,Virginia
2020-04-21,Thomas Jefferson,Male,107,20,8,Virginia
2020-04-21,Crater,Not Reported,4,2,0,Virginia
2020-04-21,Western Tidewater,Male,114,24,2,Virginia
2020-04-21,Chesapeake,Male,78,21,3,Virginia
2020-04-21,Central Virginia,Female,38,2,0,Virginia
2020-04-21,Central Virginia,Male,55,5,2,Virginia
2020-04-21,Richmond,Not Reported,4,2,1,Virginia
2020-04-21,Chesterfield,Not Reported,9,1,0,Virginia
2020-04-21,Rappahannock Rapidan,Male,83,10,1,Virginia
2020-04-21,Lenowisco,Female,16,5,1,Virginia
2020-04-20,Roanoke,Female,7,2,0,Virginia
2020-04-20,Virginia Beach,Female,147,25,3,Virginia
2020-04-20,Chickahominy,Female,119,17,5,Virginia
2020-04-20,Chesterfield,Female,199,13,2,Virginia
2020-04-20,Piedmont,Male,30,11,2,Virginia
2020-04-20,Rappahannock,Not Reported,1,0,0,Virginia
2020-04-20,Southside,Male,33,12,1,Virginia
2020-04-20,Richmond,Female,128,14,1,Virginia
2020-04-20,West Piedmont,Male,12,3,1,Virginia
2020-04-20,Alexandria,Not Reported,1,0,0,Virginia
2020-04-20,Chesapeake,Female,100,18,3,Virginia
2020-04-20,Mount Rogers,Not Reported,1,0,0,Virginia
2020-04-20,Rappahannock,Female,157,29,1,Virginia
2020-04-20,Portsmouth,Male,37,16,2,Virginia
2020-04-20,Loudoun,Not Reported,3,0,0,Virginia
2020-04-20,New River,Male,30,5,0,Virginia
2020-04-20,West Piedmont,Female,15,1,0,Virginia
2020-04-20,Cumberland Plateau,Male,6,0,0,Virginia
2020-04-20,Rappahannock Rapidan,Female,69,8,1,Virginia
2020-04-20,Pittsylvania-Danville,Male,15,8,1,Virginia
2020-04-20,Loudoun,Female,239,19,4,Virginia
2020-04-20,Fairfax,Not Reported,11,0,0,Virginia
2020-04-20,Henrico,Female,347,40,36,Virginia
2020-04-20,Lord Fairfax,Female,104,9,0,Virginia
2020-04-20,Loudoun,Male,226,40,4,Virginia
2020-04-20,Rappahannock Rapidan,Not Reported,2,0,0,Virginia
2020-04-20,Arlington,Male,304,65,14,Virginia
2020-04-20,Piedmont,Female,60,5,1,Virginia
2020-04-20,Chickahominy,Not Reported,5,1,0,Virginia
2020-04-20,Western Tidewater,Female,124,13,2,Virginia
2020-04-20,Crater,Female,78,13,6,Virginia
2020-04-20,Rappahannock,Male,138,43,5,Virginia
2020-04-20,Richmond,Male,113,23,8,Virginia
2020-04-20,Chesterfield,Male,183,16,7,Virginia
2020-04-20,Henrico,Not Reported,21,1,6,Virginia
2020-04-20,Fairfax,Female,1036,155,29,Virginia
2020-04-20,Alexandria,Female,243,30,3,Virginia
2020-04-20,Fairfax,Male,1076,228,37,Virginia
2020-04-20,Alexandria,Male,218,30,6,Virginia
2020-04-20,Portsmouth,Female,44,12,2,Virginia
2020-04-20,Virginia Beach,Male,141,35,5,Virginia
2020-04-20,Cumberland Plateau,Female,12,1,0,Virginia
2020-04-20,Central Shenandoah,Not Reported,8,0,0,Virginia
2020-04-20,Central Shenandoah,Male,181,14,1,Virginia
2020-04-20,Arlington,Female,317,49,9,Virginia
2020-04-20,Pittsylvania-Danville,Female,21,9,1,Virginia
2020-04-20,Three Rivers,Female,26,4,1,Virginia
2020-04-20,Lord Fairfax,Male,97,12,0,Virginia
2020-04-20,Hampton,Female,48,9,0,Virginia
2020-04-20,Southside,Female,59,8,0,Virginia
2020-04-20,Alleghany,Female,33,5,2,Virginia
2020-04-20,Arlington,Not Reported,4,0,0,Virginia
2020-04-20,Henrico,Male,253,49,35,Virginia
2020-04-20,New River,Female,31,3,0,Virginia
2020-04-20,Prince William,Not Reported,5,0,0,Virginia
2020-04-20,Thomas Jefferson,Female,122,26,2,Virginia
2020-04-20,Crater,Male,56,10,3,Virginia
2020-04-20,Central Shenandoah,Female,256,9,0,Virginia
2020-04-20,Lenowisco,Male,16,5,1,Virginia
2020-04-20,Eastern Shore,Female,23,9,1,Virginia
2020-04-20,Norfolk,Male,47,15,3,Virginia
2020-04-20,New River,Not Reported,1,0,0,Virginia
2020-04-20,Three Rivers,Male,76,6,0,Virginia
2020-04-20,Eastern Shore,Male,36,7,0,Virginia
2020-04-20,Prince William,Female,510,54,7,Virginia
2020-04-20,Hampton,Male,44,17,1,Virginia
2020-04-20,Peninsula,Male,152,53,7,Virginia
2020-04-20,Norfolk,Female,71,13,0,Virginia
2020-04-20,Chickahominy,Male,62,17,7,Virginia
2020-04-20,Prince William,Male,493,59,10,Virginia
2020-04-20,Mount Rogers,Female,27,5,0,Virginia
2020-04-20,Roanoke,Male,18,3,0,Virginia
2020-04-20,Peninsula,Female,159,43,13,Virginia
2020-04-20,Alleghany,Male,31,8,1,Virginia
2020-04-20,Portsmouth,Not Reported,1,0,0,Virginia
2020-04-20,Mount Rogers,Male,29,10,4,Virginia
2020-04-20,Thomas Jefferson,Male,102,20,8,Virginia
2020-04-20,Crater,Not Reported,4,2,0,Virginia
2020-04-20,Western Tidewater,Male,105,22,2,Virginia
2020-04-20,Chesapeake,Male,76,21,2,Virginia
2020-04-20,Central Virginia,Female,37,2,0,Virginia
2020-04-20,Central Virginia,Male,52,5,2,Virginia
2020-04-20,Richmond,Not Reported,5,2,1,Virginia
2020-04-20,Chesterfield,Not Reported,8,0,0,Virginia
2020-04-20,Lenowisco,Female,16,5,1,Virginia
2020-04-20,Rappahannock Rapidan,Male,77,10,1,Virginia
