Date,County,Cases,Hospitalizations,Deaths,State
2020-06-03,Southside,281,40,25,Virginia
2020-06-03,Chesapeake,554,90,15,Virginia
2020-06-03,Thomas Jefferson,573,72,19,Virginia
2020-06-03,Roanoke,176,10,10,Virginia
2020-06-03,Eastern Shore,1213,82,37,Virginia
2020-06-03,Mount Rogers,410,35,7,Virginia
2020-06-03,Chickahominy,505,87,33,Virginia
2020-06-03,New River,120,15,2,Virginia
2020-06-03,Central Virginia,219,16,4,Virginia
2020-06-03,Piedmont,766,57,6,Virginia
2020-06-03,Lord Fairfax,1548,127,55,Virginia
2020-06-03,Crater,972,104,21,Virginia
2020-06-03,Hampton,214,32,4,Virginia
2020-06-03,Alexandria,2031,202,46,Virginia
2020-06-03,Fairfax,11938,1405,417,Virginia
2020-06-03,Richmond,1488,163,24,Virginia
2020-06-03,Arlington,2150,384,120,Virginia
2020-06-03,Rappahannock Rapidan,1237,90,16,Virginia
2020-06-03,Rappahannock,1661,164,20,Virginia
2020-06-03,Pittsylvania-Danville,103,28,3,Virginia
2020-06-03,Prince William,7437,623,128,Virginia
2020-06-03,Cumberland Plateau,35,2,0,Virginia
2020-06-03,Portsmouth,325,47,11,Virginia
2020-06-03,Virginia Beach,770,100,24,Virginia
2020-06-03,West Piedmont,250,22,5,Virginia
2020-06-03,Three Rivers,557,38,9,Virginia
2020-06-03,Alleghany,216,24,15,Virginia
2020-06-03,Lenowisco,45,16,4,Virginia
2020-06-03,Norfolk,552,71,6,Virginia
2020-06-03,Western Tidewater,645,75,40,Virginia
2020-06-03,Henrico,1946,217,134,Virginia
2020-06-03,Central Shenandoah,1631,127,31,Virginia
2020-06-03,Loudoun,2794,173,67,Virginia
2020-06-03,Chesterfield,1854,101,54,Virginia
2020-06-03,Peninsula,640,118,33,Virginia
2020-06-02,Southside,279,40,25,Virginia
2020-06-02,Chesapeake,548,90,15,Virginia
2020-06-02,Thomas Jefferson,556,70,19,Virginia
2020-06-02,Roanoke,176,10,10,Virginia
2020-06-02,Eastern Shore,1198,80,35,Virginia
2020-06-02,Mount Rogers,379,34,7,Virginia
2020-06-02,Chickahominy,499,87,33,Virginia
2020-06-02,New River,119,15,1,Virginia
2020-06-02,Central Virginia,218,16,4,Virginia
2020-06-02,Piedmont,759,54,6,Virginia
2020-06-02,Lord Fairfax,1505,125,55,Virginia
2020-06-02,Crater,872,98,20,Virginia
2020-06-02,Hampton,212,30,3,Virginia
2020-06-02,Alexandria,2016,197,46,Virginia
2020-06-02,Fairfax,11718,1396,410,Virginia
2020-06-02,Richmond,1455,161,24,Virginia
2020-06-02,Arlington,2142,379,120,Virginia
2020-06-02,Rappahannock Rapidan,1222,87,16,Virginia
2020-06-02,Rappahannock,1646,160,18,Virginia
2020-06-02,Pittsylvania-Danville,103,28,3,Virginia
2020-06-02,Prince William,7323,608,127,Virginia
2020-06-02,Cumberland Plateau,35,2,0,Virginia
2020-06-02,Portsmouth,322,47,11,Virginia
2020-06-02,Virginia Beach,752,97,23,Virginia
2020-06-02,West Piedmont,240,21,5,Virginia
2020-06-02,Three Rivers,541,38,9,Virginia
2020-06-02,Alleghany,216,24,15,Virginia
2020-06-02,Lenowisco,43,16,4,Virginia
2020-06-02,Norfolk,539,70,6,Virginia
2020-06-02,Western Tidewater,643,75,40,Virginia
2020-06-02,Henrico,1933,214,134,Virginia
2020-06-02,Central Shenandoah,1611,127,31,Virginia
2020-06-02,Loudoun,2659,171,67,Virginia
2020-06-02,Chesterfield,1793,100,54,Virginia
2020-06-02,Peninsula,633,117,32,Virginia
2020-06-01,Southside,276,39,23,Virginia
2020-06-01,Chesapeake,541,89,15,Virginia
2020-06-01,Thomas Jefferson,552,70,19,Virginia
2020-06-01,Roanoke,171,9,9,Virginia
2020-06-01,Eastern Shore,1182,77,35,Virginia
2020-06-01,Mount Rogers,361,34,6,Virginia
2020-06-01,Chickahominy,501,85,32,Virginia
2020-06-01,New River,118,15,1,Virginia
2020-06-01,Central Virginia,218,16,4,Virginia
2020-06-01,Piedmont,751,51,6,Virginia
2020-06-01,Lord Fairfax,1456,123,54,Virginia
2020-06-01,Crater,809,92,20,Virginia
2020-06-01,Hampton,212,30,3,Virginia
2020-06-01,Alexandria,2000,193,44,Virginia
2020-06-01,Fairfax,11548,1377,405,Virginia
2020-06-01,Richmond,1434,158,24,Virginia
2020-06-01,Arlington,2133,377,117,Virginia
2020-06-01,Rappahannock Rapidan,1211,83,16,Virginia
2020-06-01,Rappahannock,1637,159,18,Virginia
2020-06-01,Pittsylvania-Danville,102,28,3,Virginia
2020-06-01,Prince William,7186,578,121,Virginia
2020-06-01,Cumberland Plateau,35,2,0,Virginia
2020-06-01,Portsmouth,325,47,11,Virginia
2020-06-01,Virginia Beach,752,95,23,Virginia
2020-06-01,West Piedmont,228,21,5,Virginia
2020-06-01,Three Rivers,535,38,8,Virginia
2020-06-01,Alleghany,211,24,16,Virginia
2020-06-01,Lenowisco,43,16,4,Virginia
2020-06-01,Norfolk,530,70,6,Virginia
2020-06-01,Western Tidewater,640,73,40,Virginia
2020-06-01,Henrico,1919,208,135,Virginia
2020-06-01,Central Shenandoah,1597,123,31,Virginia
2020-06-01,Loudoun,2636,165,67,Virginia
2020-06-01,Chesterfield,1759,88,54,Virginia
2020-06-01,Peninsula,630,117,32,Virginia
2020-05-31,Southside,275,38,22,Virginia
2020-05-31,Chesapeake,535,88,15,Virginia
2020-05-31,Thomas Jefferson,546,70,19,Virginia
2020-05-31,Roanoke,167,9,9,Virginia
2020-05-31,Eastern Shore,1158,77,35,Virginia
2020-05-31,Mount Rogers,352,34,6,Virginia
2020-05-31,Chickahominy,489,85,32,Virginia
2020-05-31,New River,114,15,1,Virginia
2020-05-31,Central Virginia,216,16,4,Virginia
2020-05-31,Piedmont,731,48,6,Virginia
2020-05-31,Lord Fairfax,1418,121,50,Virginia
2020-05-31,Crater,769,92,20,Virginia
2020-05-31,Hampton,210,30,3,Virginia
2020-05-31,Alexandria,1981,192,45,Virginia
2020-05-31,Fairfax,11341,1348,401,Virginia
2020-05-31,Richmond,1397,151,25,Virginia
2020-05-31,Arlington,2123,376,116,Virginia
2020-05-31,Rappahannock Rapidan,1196,80,14,Virginia
2020-05-31,Rappahannock,1597,158,18,Virginia
2020-05-31,Pittsylvania-Danville,100,28,3,Virginia
2020-05-31,Prince William,7085,569,121,Virginia
2020-05-31,Cumberland Plateau,35,2,0,Virginia
2020-05-31,Portsmouth,313,44,11,Virginia
2020-05-31,Virginia Beach,745,94,23,Virginia
2020-05-31,West Piedmont,201,19,5,Virginia
2020-05-31,Three Rivers,533,38,8,Virginia
2020-05-31,Alleghany,204,24,16,Virginia
2020-05-31,Lenowisco,43,16,4,Virginia
2020-05-31,Norfolk,521,69,6,Virginia
2020-05-31,Western Tidewater,633,72,40,Virginia
2020-05-31,Henrico,1858,203,134,Virginia
2020-05-31,Central Shenandoah,1585,122,30,Virginia
2020-05-31,Loudoun,2611,163,66,Virginia
2020-05-31,Chesterfield,1699,88,52,Virginia
2020-05-31,Peninsula,617,115,32,Virginia
2020-05-30,Southside,272,38,22,Virginia
2020-05-30,Chesapeake,521,87,15,Virginia
2020-05-30,Thomas Jefferson,525,70,19,Virginia
2020-05-30,Roanoke,160,9,9,Virginia
2020-05-30,Eastern Shore,1146,76,35,Virginia
2020-05-30,Mount Rogers,350,34,6,Virginia
2020-05-30,Chickahominy,488,85,32,Virginia
2020-05-30,New River,113,15,1,Virginia
2020-05-30,Central Virginia,213,16,4,Virginia
2020-05-30,Piedmont,720,47,6,Virginia
2020-05-30,Lord Fairfax,1390,120,50,Virginia
2020-05-30,Crater,746,90,18,Virginia
2020-05-30,Hampton,207,30,3,Virginia
2020-05-30,Alexandria,1974,190,44,Virginia
2020-05-30,Fairfax,11230,1330,397,Virginia
2020-05-30,Richmond,1316,151,24,Virginia
2020-05-30,Arlington,2116,372,115,Virginia
2020-05-30,Rappahannock Rapidan,1162,80,14,Virginia
2020-05-30,Rappahannock,1568,154,17,Virginia
2020-05-30,Pittsylvania-Danville,99,27,3,Virginia
2020-05-30,Prince William,6930,556,120,Virginia
2020-05-30,Cumberland Plateau,35,2,0,Virginia
2020-05-30,Portsmouth,308,44,11,Virginia
2020-05-30,Virginia Beach,708,94,23,Virginia
2020-05-30,West Piedmont,199,19,5,Virginia
2020-05-30,Three Rivers,518,38,8,Virginia
2020-05-30,Alleghany,200,24,16,Virginia
2020-05-30,Lenowisco,43,16,4,Virginia
2020-05-30,Norfolk,503,69,6,Virginia
2020-05-30,Western Tidewater,632,71,39,Virginia
2020-05-30,Henrico,1820,203,133,Virginia
2020-05-30,Central Shenandoah,1538,120,30,Virginia
2020-05-30,Loudoun,2575,163,62,Virginia
2020-05-30,Chesterfield,1678,88,52,Virginia
2020-05-30,Peninsula,604,115,32,Virginia
2020-05-29,Southside,272,38,22,Virginia
2020-05-29,Chesapeake,520,87,15,Virginia
2020-05-29,Thomas Jefferson,515,70,19,Virginia
2020-05-29,Roanoke,155,9,9,Virginia
2020-05-29,Eastern Shore,1093,75,32,Virginia
2020-05-29,Mount Rogers,331,25,6,Virginia
2020-05-29,Chickahominy,481,84,32,Virginia
2020-05-29,New River,109,15,1,Virginia
2020-05-29,Central Virginia,207,16,4,Virginia
2020-05-29,Piedmont,716,47,6,Virginia
2020-05-29,Lord Fairfax,1374,119,50,Virginia
2020-05-29,Crater,732,90,18,Virginia
2020-05-29,Hampton,197,30,3,Virginia
2020-05-29,Alexandria,1960,187,44,Virginia
2020-05-29,Fairfax,11026,1319,397,Virginia
2020-05-29,Richmond,1249,149,24,Virginia
2020-05-29,Arlington,2107,371,113,Virginia
2020-05-29,Rappahannock Rapidan,1140,78,14,Virginia
2020-05-29,Rappahannock,1513,150,17,Virginia
2020-05-29,Pittsylvania-Danville,91,28,3,Virginia
2020-05-29,Prince William,6757,553,120,Virginia
2020-05-29,Cumberland Plateau,33,2,0,Virginia
2020-05-29,Portsmouth,307,44,11,Virginia
2020-05-29,Virginia Beach,699,92,23,Virginia
2020-05-29,West Piedmont,189,19,5,Virginia
2020-05-29,Three Rivers,510,38,8,Virginia
2020-05-29,Alleghany,199,24,16,Virginia
2020-05-29,Lenowisco,42,16,4,Virginia
2020-05-29,Norfolk,490,69,6,Virginia
2020-05-29,Western Tidewater,630,71,39,Virginia
2020-05-29,Henrico,1754,201,133,Virginia
2020-05-29,Central Shenandoah,1517,120,30,Virginia
2020-05-29,Loudoun,2529,162,62,Virginia
2020-05-29,Chesterfield,1584,88,52,Virginia
2020-05-29,Peninsula,583,115,32,Virginia
2020-05-28,Southside,269,38,22,Virginia
2020-05-28,Chesapeake,494,86,15,Virginia
2020-05-28,Thomas Jefferson,498,69,19,Virginia
2020-05-28,Roanoke,152,9,9,Virginia
2020-05-28,Eastern Shore,1055,75,32,Virginia
2020-05-28,Mount Rogers,322,24,6,Virginia
2020-05-28,Chickahominy,478,81,32,Virginia
2020-05-28,New River,109,15,1,Virginia
2020-05-28,Central Virginia,202,16,4,Virginia
2020-05-28,Piedmont,702,47,6,Virginia
2020-05-28,Lord Fairfax,1321,119,50,Virginia
2020-05-28,Crater,703,90,18,Virginia
2020-05-28,Hampton,192,30,3,Virginia
2020-05-28,Alexandria,1941,181,44,Virginia
2020-05-28,Fairfax,10856,1300,392,Virginia
2020-05-28,Richmond,1202,146,22,Virginia
2020-05-28,Arlington,2089,372,111,Virginia
2020-05-28,Rappahannock Rapidan,1123,77,14,Virginia
2020-05-28,Rappahannock,1448,148,17,Virginia
2020-05-28,Pittsylvania-Danville,90,28,3,Virginia
2020-05-28,Prince William,6561,539,117,Virginia
2020-05-28,Cumberland Plateau,33,2,0,Virginia
2020-05-28,Portsmouth,294,43,11,Virginia
2020-05-28,Virginia Beach,680,92,23,Virginia
2020-05-28,West Piedmont,183,19,5,Virginia
2020-05-28,Three Rivers,505,36,8,Virginia
2020-05-28,Alleghany,195,24,16,Virginia
2020-05-28,Lenowisco,42,16,4,Virginia
2020-05-28,Norfolk,470,67,6,Virginia
2020-05-28,Western Tidewater,626,70,39,Virginia
2020-05-28,Henrico,1678,194,133,Virginia
2020-05-28,Central Shenandoah,1491,118,30,Virginia
2020-05-28,Loudoun,2429,159,62,Virginia
2020-05-28,Chesterfield,1518,85,52,Virginia
2020-05-28,Peninsula,582,114,32,Virginia
2020-05-27,Southside,268,38,22,Virginia
2020-05-27,Chesapeake,481,86,14,Virginia
2020-05-27,Thomas Jefferson,480,68,19,Virginia
2020-05-27,Roanoke,147,9,9,Virginia
2020-05-27,Eastern Shore,1034,67,32,Virginia
2020-05-27,Mount Rogers,318,22,6,Virginia
2020-05-27,Chickahominy,472,79,32,Virginia
2020-05-27,New River,106,14,1,Virginia
2020-05-27,Central Virginia,201,16,4,Virginia
2020-05-27,Piedmont,695,44,6,Virginia
2020-05-27,Lord Fairfax,1279,118,48,Virginia
2020-05-27,Crater,632,88,18,Virginia
2020-05-27,Hampton,190,30,3,Virginia
2020-05-27,Alexandria,1887,180,44,Virginia
2020-05-27,Fairfax,10619,1286,385,Virginia
2020-05-27,Richmond,1133,138,21,Virginia
2020-05-27,Arlington,2039,373,109,Virginia
2020-05-27,Rappahannock Rapidan,1102,75,12,Virginia
2020-05-27,Rappahannock,1419,143,16,Virginia
2020-05-27,Pittsylvania-Danville,88,27,3,Virginia
2020-05-27,Prince William,6409,532,117,Virginia
2020-05-27,Cumberland Plateau,33,2,0,Virginia
2020-05-27,Portsmouth,284,42,11,Virginia
2020-05-27,Virginia Beach,662,91,22,Virginia
2020-05-27,West Piedmont,179,19,5,Virginia
2020-05-27,Three Rivers,504,36,8,Virginia
2020-05-27,Alleghany,186,24,16,Virginia
2020-05-27,Lenowisco,42,16,4,Virginia
2020-05-27,Norfolk,452,62,6,Virginia
2020-05-27,Western Tidewater,621,66,38,Virginia
2020-05-27,Henrico,1624,184,131,Virginia
2020-05-27,Central Shenandoah,1468,118,30,Virginia
2020-05-27,Loudoun,2318,156,63,Virginia
2020-05-27,Chesterfield,1447,80,51,Virginia
2020-05-27,Peninsula,582,113,32,Virginia
2020-05-26,Southside,263,37,22,Virginia
2020-05-26,Chesapeake,472,85,14,Virginia
2020-05-26,Thomas Jefferson,470,68,19,Virginia
2020-05-26,Roanoke,146,9,9,Virginia
2020-05-26,Eastern Shore,1005,65,30,Virginia
2020-05-26,Mount Rogers,315,22,6,Virginia
2020-05-26,Chickahominy,465,78,30,Virginia
2020-05-26,New River,101,14,1,Virginia
2020-05-26,Central Virginia,199,16,4,Virginia
2020-05-26,Piedmont,683,43,6,Virginia
2020-05-26,Lord Fairfax,1206,112,45,Virginia
2020-05-26,Crater,593,83,17,Virginia
2020-05-26,Hampton,183,30,3,Virginia
2020-05-26,Alexandria,1824,175,42,Virginia
2020-05-26,Fairfax,10181,1285,376,Virginia
2020-05-26,Richmond,1112,137,21,Virginia
2020-05-26,Arlington,1988,371,109,Virginia
2020-05-26,Rappahannock Rapidan,1089,74,11,Virginia
2020-05-26,Rappahannock,1381,139,16,Virginia
2020-05-26,Pittsylvania-Danville,83,25,3,Virginia
2020-05-26,Prince William,6320,526,115,Virginia
2020-05-26,Cumberland Plateau,32,2,0,Virginia
2020-05-26,Portsmouth,282,41,11,Virginia
2020-05-26,Virginia Beach,646,90,22,Virginia
2020-05-26,West Piedmont,171,18,6,Virginia
2020-05-26,Three Rivers,494,34,6,Virginia
2020-05-26,Alleghany,184,24,16,Virginia
2020-05-26,Lenowisco,42,15,4,Virginia
2020-05-26,Norfolk,451,62,6,Virginia
2020-05-26,Western Tidewater,616,65,37,Virginia
2020-05-26,Henrico,1579,180,119,Virginia
2020-05-26,Central Shenandoah,1447,116,28,Virginia
2020-05-26,Loudoun,2274,155,53,Virginia
2020-05-26,Chesterfield,1377,76,42,Virginia
2020-05-26,Peninsula,575,113,32,Virginia
2020-05-25,Southside,262,37,21,Virginia
2020-05-25,Chesapeake,459,84,14,Virginia
2020-05-25,Thomas Jefferson,451,68,19,Virginia
2020-05-25,Roanoke,146,9,9,Virginia
2020-05-25,Eastern Shore,979,63,28,Virginia
2020-05-25,Mount Rogers,310,21,6,Virginia
2020-05-25,Chickahominy,456,77,27,Virginia
2020-05-25,New River,98,13,1,Virginia
2020-05-25,Central Virginia,189,16,4,Virginia
2020-05-25,Piedmont,674,43,6,Virginia
2020-05-25,Lord Fairfax,1135,104,45,Virginia
2020-05-25,Crater,556,82,16,Virginia
2020-05-25,Hampton,183,30,3,Virginia
2020-05-25,Alexandria,1785,175,41,Virginia
2020-05-25,Fairfax,9947,1263,350,Virginia
2020-05-25,Richmond,1089,134,20,Virginia
2020-05-25,Arlington,1935,367,104,Virginia
2020-05-25,Rappahannock Rapidan,1074,74,12,Virginia
2020-05-25,Rappahannock,1354,139,16,Virginia
2020-05-25,Pittsylvania-Danville,83,25,3,Virginia
2020-05-25,Prince William,6225,521,111,Virginia
2020-05-25,Cumberland Plateau,33,2,0,Virginia
2020-05-25,Portsmouth,281,41,11,Virginia
2020-05-25,Virginia Beach,638,90,23,Virginia
2020-05-25,West Piedmont,159,15,5,Virginia
2020-05-25,Three Rivers,489,33,6,Virginia
2020-05-25,Alleghany,184,24,16,Virginia
2020-05-25,Lenowisco,42,15,4,Virginia
2020-05-25,Norfolk,450,61,6,Virginia
2020-05-25,Western Tidewater,610,64,37,Virginia
2020-05-25,Henrico,1546,179,118,Virginia
2020-05-25,Central Shenandoah,1436,114,28,Virginia
2020-05-25,Loudoun,2186,153,52,Virginia
2020-05-25,Chesterfield,1327,76,42,Virginia
2020-05-25,Peninsula,571,113,32,Virginia
2020-05-24,Southside,255,37,21,Virginia
2020-05-24,Chesapeake,449,82,14,Virginia
2020-05-24,Thomas Jefferson,422,68,19,Virginia
2020-05-24,Roanoke,140,7,9,Virginia
2020-05-24,Eastern Shore,947,62,28,Virginia
2020-05-24,Mount Rogers,290,20,6,Virginia
2020-05-24,Chickahominy,424,77,27,Virginia
2020-05-24,New River,97,13,1,Virginia
2020-05-24,Central Virginia,183,15,4,Virginia
2020-05-24,Piedmont,645,44,6,Virginia
2020-05-24,Lord Fairfax,1128,103,45,Virginia
2020-05-24,Crater,499,82,16,Virginia
2020-05-24,Hampton,181,30,3,Virginia
2020-05-24,Alexandria,1754,175,38,Virginia
2020-05-24,Fairfax,9587,1235,339,Virginia
2020-05-24,Richmond,1040,134,20,Virginia
2020-05-24,Arlington,1897,368,101,Virginia
2020-05-24,Rappahannock Rapidan,1025,73,11,Virginia
2020-05-24,Rappahannock,1249,137,16,Virginia
2020-05-24,Pittsylvania-Danville,83,25,3,Virginia
2020-05-24,Prince William,5812,512,108,Virginia
2020-05-24,Cumberland Plateau,32,2,0,Virginia
2020-05-24,Portsmouth,272,40,11,Virginia
2020-05-24,Virginia Beach,618,90,20,Virginia
2020-05-24,West Piedmont,148,15,5,Virginia
2020-05-24,Three Rivers,480,33,6,Virginia
2020-05-24,Alleghany,179,24,16,Virginia
2020-05-24,Lenowisco,42,15,4,Virginia
2020-05-24,Norfolk,432,61,6,Virginia
2020-05-24,Western Tidewater,607,64,37,Virginia
2020-05-24,Henrico,1492,177,118,Virginia
2020-05-24,Central Shenandoah,1398,110,28,Virginia
2020-05-24,Loudoun,2047,150,52,Virginia
2020-05-24,Chesterfield,1312,76,38,Virginia
2020-05-24,Peninsula,561,113,32,Virginia
2020-05-23,Southside,250,37,21,Virginia
2020-05-23,Chesapeake,433,82,13,Virginia
2020-05-23,Thomas Jefferson,416,68,19,Virginia
2020-05-23,Roanoke,140,7,9,Virginia
2020-05-23,Eastern Shore,940,60,27,Virginia
2020-05-23,Mount Rogers,275,20,6,Virginia
2020-05-23,Chickahominy,396,77,26,Virginia
2020-05-23,New River,94,13,1,Virginia
2020-05-23,Central Virginia,182,15,4,Virginia
2020-05-23,Piedmont,643,43,5,Virginia
2020-05-23,Lord Fairfax,1097,101,43,Virginia
2020-05-23,Crater,495,82,14,Virginia
2020-05-23,Hampton,174,30,3,Virginia
2020-05-23,Alexandria,1733,175,38,Virginia
2020-05-23,Fairfax,9088,1210,335,Virginia
2020-05-23,Richmond,1012,130,19,Virginia
2020-05-23,Arlington,1873,364,98,Virginia
2020-05-23,Rappahannock Rapidan,1000,72,11,Virginia
2020-05-23,Rappahannock,1201,135,15,Virginia
2020-05-23,Pittsylvania-Danville,78,25,3,Virginia
2020-05-23,Prince William,5513,501,95,Virginia
2020-05-23,Cumberland Plateau,32,2,0,Virginia
2020-05-23,Portsmouth,262,40,11,Virginia
2020-05-23,Virginia Beach,603,90,19,Virginia
2020-05-23,West Piedmont,137,15,4,Virginia
2020-05-23,Three Rivers,472,33,6,Virginia
2020-05-23,Alleghany,174,24,14,Virginia
2020-05-23,Lenowisco,42,15,4,Virginia
2020-05-23,Norfolk,399,61,6,Virginia
2020-05-23,Western Tidewater,600,64,35,Virginia
2020-05-23,Henrico,1446,176,118,Virginia
2020-05-23,Central Shenandoah,1367,109,28,Virginia
2020-05-23,Loudoun,1821,150,52,Virginia
2020-05-23,Chesterfield,1305,75,37,Virginia
2020-05-23,Peninsula,551,113,32,Virginia
2020-05-22,Southside,243,37,21,Virginia
2020-05-22,Chesapeake,426,82,13,Virginia
2020-05-22,Thomas Jefferson,402,68,16,Virginia
2020-05-22,Roanoke,141,7,9,Virginia
2020-05-22,Eastern Shore,932,60,27,Virginia
2020-05-22,Mount Rogers,264,20,6,Virginia
2020-05-22,Chickahominy,396,77,26,Virginia
2020-05-22,New River,92,12,1,Virginia
2020-05-22,Central Virginia,182,15,4,Virginia
2020-05-22,Piedmont,644,43,5,Virginia
2020-05-22,Lord Fairfax,1065,100,43,Virginia
2020-05-22,Crater,497,82,14,Virginia
2020-05-22,Hampton,172,30,3,Virginia
2020-05-22,Alexandria,1703,175,38,Virginia
2020-05-22,Fairfax,9044,1208,334,Virginia
2020-05-22,Richmond,979,130,19,Virginia
2020-05-22,Arlington,1804,346,95,Virginia
2020-05-22,Rappahannock Rapidan,959,71,11,Virginia
2020-05-22,Rappahannock,1166,133,14,Virginia
2020-05-22,Pittsylvania-Danville,74,25,3,Virginia
2020-05-22,Prince William,5430,501,95,Virginia
2020-05-22,Cumberland Plateau,32,2,0,Virginia
2020-05-22,Portsmouth,253,40,11,Virginia
2020-05-22,Virginia Beach,598,90,19,Virginia
2020-05-22,West Piedmont,132,15,4,Virginia
2020-05-22,Three Rivers,469,33,6,Virginia
2020-05-22,Alleghany,174,24,14,Virginia
2020-05-22,Lenowisco,42,15,4,Virginia
2020-05-22,Norfolk,393,61,6,Virginia
2020-05-22,Western Tidewater,593,60,31,Virginia
2020-05-22,Henrico,1411,176,118,Virginia
2020-05-22,Central Shenandoah,1358,106,28,Virginia
2020-05-22,Loudoun,1831,149,52,Virginia
2020-05-22,Chesterfield,1305,75,37,Virginia
2020-05-22,Peninsula,543,113,32,Virginia
2020-05-21,Southside,242,34,21,Virginia
2020-05-21,Chesapeake,419,82,13,Virginia
2020-05-21,Thomas Jefferson,401,68,14,Virginia
2020-05-21,Roanoke,140,7,9,Virginia
2020-05-21,Eastern Shore,917,59,27,Virginia
2020-05-21,Mount Rogers,262,20,6,Virginia
2020-05-21,Chickahominy,386,77,26,Virginia
2020-05-21,New River,90,12,1,Virginia
2020-05-21,Central Virginia,182,15,4,Virginia
2020-05-21,Piedmont,635,43,5,Virginia
2020-05-21,Lord Fairfax,1031,96,37,Virginia
2020-05-21,Crater,474,81,14,Virginia
2020-05-21,Hampton,169,30,3,Virginia
2020-05-21,Alexandria,1657,175,37,Virginia
2020-05-21,Fairfax,8831,1198,330,Virginia
2020-05-21,Richmond,934,127,20,Virginia
2020-05-21,Arlington,1795,346,91,Virginia
2020-05-21,Rappahannock Rapidan,934,71,11,Virginia
2020-05-21,Rappahannock,1129,131,14,Virginia
2020-05-21,Pittsylvania-Danville,73,24,3,Virginia
2020-05-21,Prince William,5307,496,91,Virginia
2020-05-21,Cumberland Plateau,32,2,0,Virginia
2020-05-21,Portsmouth,251,40,11,Virginia
2020-05-21,Virginia Beach,591,90,19,Virginia
2020-05-21,West Piedmont,127,13,3,Virginia
2020-05-21,Three Rivers,451,33,6,Virginia
2020-05-21,Alleghany,171,24,14,Virginia
2020-05-21,Lenowisco,42,15,4,Virginia
2020-05-21,Norfolk,388,59,6,Virginia
2020-05-21,Western Tidewater,576,60,31,Virginia
2020-05-21,Henrico,1375,174,117,Virginia
2020-05-21,Central Shenandoah,1338,106,28,Virginia
2020-05-21,Loudoun,1807,149,51,Virginia
2020-05-21,Chesterfield,1261,75,37,Virginia
2020-05-21,Peninsula,532,113,32,Virginia
2020-05-20,Southside,235,34,21,Virginia
2020-05-20,Chesapeake,412,81,13,Virginia
2020-05-20,Thomas Jefferson,394,68,13,Virginia
2020-05-20,Roanoke,135,7,8,Virginia
2020-05-20,Eastern Shore,915,58,27,Virginia
2020-05-20,Mount Rogers,254,19,6,Virginia
2020-05-20,Chickahominy,384,77,26,Virginia
2020-05-20,New River,90,12,1,Virginia
2020-05-20,Central Virginia,179,15,3,Virginia
2020-05-20,Piedmont,626,41,5,Virginia
2020-05-20,Lord Fairfax,1005,93,37,Virginia
2020-05-20,Crater,468,81,14,Virginia
2020-05-20,Hampton,167,30,3,Virginia
2020-05-20,Alexandria,1627,171,37,Virginia
2020-05-20,Fairfax,8677,1181,317,Virginia
2020-05-20,Richmond,888,123,20,Virginia
2020-05-20,Arlington,1763,346,89,Virginia
2020-05-20,Rappahannock Rapidan,899,70,11,Virginia
2020-05-20,Rappahannock,1107,130,14,Virginia
2020-05-20,Pittsylvania-Danville,71,23,2,Virginia
2020-05-20,Prince William,5149,491,88,Virginia
2020-05-20,Cumberland Plateau,32,2,0,Virginia
2020-05-20,Portsmouth,245,40,11,Virginia
2020-05-20,Virginia Beach,584,87,19,Virginia
2020-05-20,West Piedmont,116,13,3,Virginia
2020-05-20,Three Rivers,441,33,6,Virginia
2020-05-20,Alleghany,170,24,6,Virginia
2020-05-20,Lenowisco,44,15,4,Virginia
2020-05-20,Norfolk,377,59,6,Virginia
2020-05-20,Western Tidewater,571,58,31,Virginia
2020-05-20,Henrico,1339,174,114,Virginia
2020-05-20,Central Shenandoah,1314,104,28,Virginia
2020-05-20,Loudoun,1700,147,49,Virginia
2020-05-20,Chesterfield,1240,73,36,Virginia
2020-05-20,Peninsula,519,113,31,Virginia
2020-05-19,Southside,228,34,20,Virginia
2020-05-19,Chesapeake,401,79,12,Virginia
2020-05-19,Thomas Jefferson,390,67,13,Virginia
2020-05-19,Roanoke,135,7,8,Virginia
2020-05-19,Eastern Shore,914,56,26,Virginia
2020-05-19,Mount Rogers,252,18,6,Virginia
2020-05-19,Chickahominy,377,76,26,Virginia
2020-05-19,New River,89,12,1,Virginia
2020-05-19,Central Virginia,178,16,3,Virginia
2020-05-19,Piedmont,591,40,5,Virginia
2020-05-19,Lord Fairfax,973,91,35,Virginia
2020-05-19,Crater,462,81,14,Virginia
2020-05-19,Hampton,165,30,3,Virginia
2020-05-19,Alexandria,1577,169,34,Virginia
2020-05-19,Fairfax,8254,1148,310,Virginia
2020-05-19,Richmond,835,123,19,Virginia
2020-05-19,Arlington,1728,334,81,Virginia
2020-05-19,Rappahannock Rapidan,853,63,11,Virginia
2020-05-19,Rappahannock,1059,126,14,Virginia
2020-05-19,Pittsylvania-Danville,71,23,2,Virginia
2020-05-19,Prince William,4960,462,88,Virginia
2020-05-19,Cumberland Plateau,32,2,0,Virginia
2020-05-19,Portsmouth,241,39,11,Virginia
2020-05-19,Virginia Beach,564,87,19,Virginia
2020-05-19,West Piedmont,110,13,3,Virginia
2020-05-19,Three Rivers,436,31,6,Virginia
2020-05-19,Alleghany,169,23,6,Virginia
2020-05-19,Lenowisco,42,15,4,Virginia
2020-05-19,Norfolk,370,58,6,Virginia
2020-05-19,Western Tidewater,563,57,31,Virginia
2020-05-19,Henrico,1321,173,114,Virginia
2020-05-19,Central Shenandoah,1271,96,27,Virginia
2020-05-19,Loudoun,1579,146,49,Virginia
2020-05-19,Chesterfield,1205,72,36,Virginia
2020-05-19,Peninsula,513,112,31,Virginia
2020-05-18,Southside,228,34,18,Virginia
2020-05-18,Chesapeake,396,78,10,Virginia
2020-05-18,Thomas Jefferson,387,66,13,Virginia
2020-05-18,Roanoke,135,7,8,Virginia
2020-05-18,Eastern Shore,905,51,20,Virginia
2020-05-18,Mount Rogers,237,18,5,Virginia
2020-05-18,Chickahominy,371,74,26,Virginia
2020-05-18,New River,88,12,1,Virginia
2020-05-18,Central Virginia,178,16,3,Virginia
2020-05-18,Piedmont,586,39,5,Virginia
2020-05-18,Lord Fairfax,935,88,35,Virginia
2020-05-18,Crater,450,80,14,Virginia
2020-05-18,Hampton,164,30,3,Virginia
2020-05-18,Alexandria,1544,168,34,Virginia
2020-05-18,Fairfax,8111,1128,299,Virginia
2020-05-18,Richmond,811,118,19,Virginia
2020-05-18,Arlington,1688,331,79,Virginia
2020-05-18,Rappahannock Rapidan,801,59,11,Virginia
2020-05-18,Rappahannock,1033,124,14,Virginia
2020-05-18,Pittsylvania-Danville,70,23,2,Virginia
2020-05-18,Prince William,4816,448,81,Virginia
2020-05-18,Cumberland Plateau,32,2,0,Virginia
2020-05-18,Portsmouth,237,39,10,Virginia
2020-05-18,Virginia Beach,559,87,19,Virginia
2020-05-18,West Piedmont,101,13,3,Virginia
2020-05-18,Three Rivers,437,30,6,Virginia
2020-05-18,Alleghany,167,23,6,Virginia
2020-05-18,Lenowisco,42,15,4,Virginia
2020-05-18,Norfolk,370,57,6,Virginia
2020-05-18,Western Tidewater,557,57,31,Virginia
2020-05-18,Henrico,1299,171,114,Virginia
2020-05-18,Central Shenandoah,1227,94,27,Virginia
2020-05-18,Loudoun,1527,140,48,Virginia
2020-05-18,Chesterfield,1145,72,36,Virginia
2020-05-18,Peninsula,511,112,31,Virginia
2020-05-17,Southside,216,34,17,Virginia
2020-05-17,Chesapeake,387,78,10,Virginia
2020-05-17,Thomas Jefferson,384,66,13,Virginia
2020-05-17,Roanoke,128,7,8,Virginia
2020-05-17,Eastern Shore,888,44,18,Virginia
2020-05-17,Mount Rogers,235,17,4,Virginia
2020-05-17,Chickahominy,362,74,26,Virginia
2020-05-17,New River,88,12,1,Virginia
2020-05-17,Central Virginia,178,16,3,Virginia
2020-05-17,Piedmont,576,38,5,Virginia
2020-05-17,Lord Fairfax,898,80,34,Virginia
2020-05-17,Crater,405,77,14,Virginia
2020-05-17,Hampton,163,30,3,Virginia
2020-05-17,Alexandria,1510,162,34,Virginia
2020-05-17,Fairfax,7934,1115,291,Virginia
2020-05-17,Richmond,779,115,18,Virginia
2020-05-17,Arlington,1638,323,77,Virginia
2020-05-17,Rappahannock Rapidan,707,56,11,Virginia
2020-05-17,Rappahannock,989,124,14,Virginia
2020-05-17,Pittsylvania-Danville,68,23,2,Virginia
2020-05-17,Prince William,4585,427,78,Virginia
2020-05-17,Cumberland Plateau,30,2,0,Virginia
2020-05-17,Portsmouth,228,39,10,Virginia
2020-05-17,Virginia Beach,557,86,19,Virginia
2020-05-17,West Piedmont,89,13,3,Virginia
2020-05-17,Three Rivers,428,30,6,Virginia
2020-05-17,Alleghany,164,23,6,Virginia
2020-05-17,Lenowisco,42,15,4,Virginia
2020-05-17,Norfolk,361,56,5,Virginia
2020-05-17,Western Tidewater,557,57,28,Virginia
2020-05-17,Henrico,1272,171,113,Virginia
2020-05-17,Central Shenandoah,1200,89,24,Virginia
2020-05-17,Loudoun,1486,139,48,Virginia
2020-05-17,Chesterfield,1102,72,36,Virginia
2020-05-17,Peninsula,506,112,31,Virginia
2020-05-16,Southside,214,34,17,Virginia
2020-05-16,Chesapeake,384,77,10,Virginia
2020-05-16,Thomas Jefferson,380,65,13,Virginia
2020-05-16,Roanoke,120,7,8,Virginia
2020-05-16,Eastern Shore,886,44,18,Virginia
2020-05-16,Mount Rogers,232,17,4,Virginia
2020-05-16,Chickahominy,355,74,26,Virginia
2020-05-16,New River,88,12,1,Virginia
2020-05-16,Central Virginia,174,16,3,Virginia
2020-05-16,Piedmont,559,38,5,Virginia
2020-05-16,Lord Fairfax,873,75,33,Virginia
2020-05-16,Crater,382,77,14,Virginia
2020-05-16,Hampton,161,30,3,Virginia
2020-05-16,Alexandria,1476,159,34,Virginia
2020-05-16,Fairfax,7734,1099,289,Virginia
2020-05-16,Richmond,758,110,18,Virginia
2020-05-16,Arlington,1590,318,75,Virginia
2020-05-16,Rappahannock Rapidan,679,56,11,Virginia
2020-05-16,Rappahannock,962,124,14,Virginia
2020-05-16,Pittsylvania-Danville,68,23,2,Virginia
2020-05-16,Prince William,4447,417,78,Virginia
2020-05-16,Cumberland Plateau,30,2,0,Virginia
2020-05-16,Portsmouth,225,39,10,Virginia
2020-05-16,Virginia Beach,548,86,19,Virginia
2020-05-16,West Piedmont,77,13,3,Virginia
2020-05-16,Three Rivers,425,30,6,Virginia
2020-05-16,Alleghany,161,23,6,Virginia
2020-05-16,Lenowisco,42,15,4,Virginia
2020-05-16,Norfolk,350,56,5,Virginia
2020-05-16,Western Tidewater,543,57,28,Virginia
2020-05-16,Henrico,1252,171,113,Virginia
2020-05-16,Central Shenandoah,1188,88,24,Virginia
2020-05-16,Loudoun,1446,139,48,Virginia
2020-05-16,Chesterfield,1088,72,36,Virginia
2020-05-16,Peninsula,491,112,31,Virginia
2020-05-15,Southside,211,34,17,Virginia
2020-05-15,Chesapeake,380,76,10,Virginia
2020-05-15,Thomas Jefferson,378,65,13,Virginia
2020-05-15,Roanoke,120,7,8,Virginia
2020-05-15,Eastern Shore,864,43,17,Virginia
2020-05-15,Mount Rogers,225,17,4,Virginia
2020-05-15,Chickahominy,350,73,26,Virginia
2020-05-15,New River,88,12,1,Virginia
2020-05-15,Central Virginia,173,16,3,Virginia
2020-05-15,Piedmont,559,38,5,Virginia
2020-05-15,Lord Fairfax,859,75,33,Virginia
2020-05-15,Crater,378,77,14,Virginia
2020-05-15,Hampton,158,30,3,Virginia
2020-05-15,Alexandria,1460,158,34,Virginia
2020-05-15,Fairfax,7475,1076,285,Virginia
2020-05-15,Richmond,741,109,18,Virginia
2020-05-15,Arlington,1560,317,74,Virginia
2020-05-15,Rappahannock Rapidan,665,53,11,Virginia
2020-05-15,Rappahannock,940,123,14,Virginia
2020-05-15,Pittsylvania-Danville,67,23,2,Virginia
2020-05-15,Prince William,4320,405,77,Virginia
2020-05-15,Cumberland Plateau,30,2,0,Virginia
2020-05-15,Portsmouth,222,39,10,Virginia
2020-05-15,Virginia Beach,539,86,19,Virginia
2020-05-15,West Piedmont,74,12,3,Virginia
2020-05-15,Three Rivers,367,30,6,Virginia
2020-05-15,Alleghany,158,23,6,Virginia
2020-05-15,Lenowisco,42,15,4,Virginia
2020-05-15,Norfolk,350,56,5,Virginia
2020-05-15,Western Tidewater,537,57,28,Virginia
2020-05-15,Henrico,1226,170,113,Virginia
2020-05-15,Central Shenandoah,1181,86,24,Virginia
2020-05-15,Loudoun,1430,137,48,Virginia
2020-05-15,Chesterfield,1078,72,36,Virginia
2020-05-15,Peninsula,478,112,31,Virginia
2020-05-14,Southside,199,33,16,Virginia
2020-05-14,Chesapeake,379,76,10,Virginia
2020-05-14,Thomas Jefferson,370,65,13,Virginia
2020-05-14,Roanoke,120,7,1,Virginia
2020-05-14,Eastern Shore,841,41,16,Virginia
2020-05-14,Mount Rogers,209,17,4,Virginia
2020-05-14,Chickahominy,342,71,26,Virginia
2020-05-14,New River,88,12,1,Virginia
2020-05-14,Central Virginia,171,16,3,Virginia
2020-05-14,Piedmont,507,37,5,Virginia
2020-05-14,Lord Fairfax,815,75,32,Virginia
2020-05-14,Crater,365,76,14,Virginia
2020-05-14,Hampton,158,29,3,Virginia
2020-05-14,Alexandria,1396,159,32,Virginia
2020-05-14,Fairfax,7245,1050,280,Virginia
2020-05-14,Richmond,665,105,18,Virginia
2020-05-14,Arlington,1534,306,71,Virginia
2020-05-14,Rappahannock Rapidan,633,53,11,Virginia
2020-05-14,Rappahannock,902,123,14,Virginia
2020-05-14,Pittsylvania-Danville,61,22,2,Virginia
2020-05-14,Prince William,4130,398,75,Virginia
2020-05-14,Cumberland Plateau,28,2,0,Virginia
2020-05-14,Portsmouth,219,39,10,Virginia
2020-05-14,Virginia Beach,535,86,19,Virginia
2020-05-14,West Piedmont,69,10,2,Virginia
2020-05-14,Three Rivers,359,30,6,Virginia
2020-05-14,Alleghany,157,23,4,Virginia
2020-05-14,Lenowisco,42,15,4,Virginia
2020-05-14,Norfolk,349,56,5,Virginia
2020-05-14,Western Tidewater,532,57,28,Virginia
2020-05-14,Henrico,1198,169,113,Virginia
2020-05-14,Central Shenandoah,1163,82,24,Virginia
2020-05-14,Loudoun,1374,134,48,Virginia
2020-05-14,Chesterfield,1043,72,36,Virginia
2020-05-14,Peninsula,474,111,31,Virginia
2020-05-13,Southside,193,30,13,Virginia
2020-05-13,Chesapeake,362,76,9,Virginia
2020-05-13,Thomas Jefferson,364,65,13,Virginia
2020-05-13,Roanoke,120,7,1,Virginia
2020-05-13,Eastern Shore,777,38,14,Virginia
2020-05-13,Mount Rogers,205,17,4,Virginia
2020-05-13,Chickahominy,333,71,26,Virginia
2020-05-13,New River,88,12,1,Virginia
2020-05-13,Central Virginia,169,15,3,Virginia
2020-05-13,Piedmont,486,36,5,Virginia
2020-05-13,Lord Fairfax,793,74,31,Virginia
2020-05-13,Crater,344,76,14,Virginia
2020-05-13,Hampton,156,29,3,Virginia
2020-05-13,Alexandria,1349,152,32,Virginia
2020-05-13,Fairfax,7035,1034,274,Virginia
2020-05-13,Richmond,611,102,18,Virginia
2020-05-13,Arlington,1499,305,70,Virginia
2020-05-13,Rappahannock Rapidan,612,52,11,Virginia
2020-05-13,Rappahannock,873,123,14,Virginia
2020-05-13,Pittsylvania-Danville,60,21,2,Virginia
2020-05-13,Prince William,4036,385,74,Virginia
2020-05-13,Cumberland Plateau,28,2,0,Virginia
2020-05-13,Portsmouth,217,39,9,Virginia
2020-05-13,Virginia Beach,528,86,19,Virginia
2020-05-13,West Piedmont,67,10,2,Virginia
2020-05-13,Three Rivers,359,29,6,Virginia
2020-05-13,Alleghany,157,23,4,Virginia
2020-05-13,Lenowisco,42,15,4,Virginia
2020-05-13,Norfolk,338,56,5,Virginia
2020-05-13,Western Tidewater,495,57,28,Virginia
2020-05-13,Henrico,1174,168,112,Virginia
2020-05-13,Central Shenandoah,1136,78,24,Virginia
2020-05-13,Loudoun,1339,131,44,Virginia
2020-05-13,Chesterfield,1005,70,36,Virginia
2020-05-13,Peninsula,463,108,30,Virginia
2020-05-12,Southside,183,29,13,Virginia
2020-05-12,Chesapeake,354,75,9,Virginia
2020-05-12,Thomas Jefferson,360,65,13,Virginia
2020-05-12,Roanoke,116,7,1,Virginia
2020-05-12,Eastern Shore,719,34,12,Virginia
2020-05-12,Mount Rogers,203,17,4,Virginia
2020-05-12,Chickahominy,314,69,24,Virginia
2020-05-12,New River,87,12,1,Virginia
2020-05-12,Central Virginia,167,15,2,Virginia
2020-05-12,Piedmont,482,36,5,Virginia
2020-05-12,Lord Fairfax,770,72,28,Virginia
2020-05-12,Crater,317,72,14,Virginia
2020-05-12,Hampton,148,29,3,Virginia
2020-05-12,Alexandria,1305,148,31,Virginia
2020-05-12,Fairfax,6748,1014,269,Virginia
2020-05-12,Richmond,592,102,18,Virginia
2020-05-12,Arlington,1460,300,69,Virginia
2020-05-12,Rappahannock Rapidan,592,48,11,Virginia
2020-05-12,Rappahannock,838,122,14,Virginia
2020-05-12,Pittsylvania-Danville,58,21,2,Virginia
2020-05-12,Prince William,3792,376,72,Virginia
2020-05-12,Cumberland Plateau,28,2,0,Virginia
2020-05-12,Portsmouth,213,39,9,Virginia
2020-05-12,Virginia Beach,519,85,18,Virginia
2020-05-12,West Piedmont,66,10,1,Virginia
2020-05-12,Three Rivers,350,28,5,Virginia
2020-05-12,Alleghany,153,23,3,Virginia
2020-05-12,Lenowisco,42,15,4,Virginia
2020-05-12,Norfolk,327,52,5,Virginia
2020-05-12,Western Tidewater,491,56,27,Virginia
2020-05-12,Henrico,1146,166,112,Virginia
2020-05-12,Central Shenandoah,1114,74,24,Virginia
2020-05-12,Loudoun,1283,129,38,Virginia
2020-05-12,Chesterfield,955,70,36,Virginia
2020-05-12,Peninsula,454,108,30,Virginia
2020-05-11,Southside,182,29,10,Virginia
2020-05-11,Chesapeake,343,70,9,Virginia
2020-05-11,Thomas Jefferson,354,63,13,Virginia
2020-05-11,Roanoke,108,7,1,Virginia
2020-05-11,Eastern Shore,701,32,12,Virginia
2020-05-11,Mount Rogers,184,17,4,Virginia
2020-05-11,Chickahominy,303,67,24,Virginia
2020-05-11,New River,89,12,1,Virginia
2020-05-11,Central Virginia,160,14,2,Virginia
2020-05-11,Piedmont,433,35,5,Virginia
2020-05-11,Lord Fairfax,736,64,23,Virginia
2020-05-11,Crater,313,72,14,Virginia
2020-05-11,Hampton,147,29,3,Virginia
2020-05-11,Alexandria,1240,145,30,Virginia
2020-05-11,Fairfax,6547,987,260,Virginia
2020-05-11,Richmond,565,96,18,Virginia
2020-05-11,Arlington,1416,288,66,Virginia
2020-05-11,Rappahannock Rapidan,550,46,11,Virginia
2020-05-11,Rappahannock,805,119,14,Virginia
2020-05-11,Pittsylvania-Danville,58,21,2,Virginia
2020-05-11,Prince William,3647,357,64,Virginia
2020-05-11,Cumberland Plateau,29,2,0,Virginia
2020-05-11,Portsmouth,210,38,9,Virginia
2020-05-11,Virginia Beach,509,85,18,Virginia
2020-05-11,West Piedmont,62,9,1,Virginia
2020-05-11,Three Rivers,344,28,5,Virginia
2020-05-11,Alleghany,152,22,3,Virginia
2020-05-11,Lenowisco,41,14,3,Virginia
2020-05-11,Norfolk,319,52,5,Virginia
2020-05-11,Western Tidewater,489,55,26,Virginia
2020-05-11,Henrico,1106,157,112,Virginia
2020-05-11,Central Shenandoah,1075,67,24,Virginia
2020-05-11,Loudoun,1210,119,35,Virginia
2020-05-11,Chesterfield,925,69,34,Virginia
2020-05-11,Peninsula,448,108,30,Virginia
2020-05-10,Southside,175,29,10,Virginia
2020-05-10,Chesapeake,340,70,9,Virginia
2020-05-10,Thomas Jefferson,351,62,13,Virginia
2020-05-10,Roanoke,106,7,1,Virginia
2020-05-10,Eastern Shore,694,32,12,Virginia
2020-05-10,Mount Rogers,182,17,4,Virginia
2020-05-10,Chickahominy,299,65,23,Virginia
2020-05-10,New River,89,12,1,Virginia
2020-05-10,Central Virginia,158,13,2,Virginia
2020-05-10,Piedmont,373,29,4,Virginia
2020-05-10,Lord Fairfax,713,62,21,Virginia
2020-05-10,Crater,295,69,14,Virginia
2020-05-10,Hampton,146,29,3,Virginia
2020-05-10,Alexandria,1224,139,30,Virginia
2020-05-10,Fairfax,6276,961,250,Virginia
2020-05-10,Richmond,546,92,18,Virginia
2020-05-10,Arlington,1399,286,60,Virginia
2020-05-10,Rappahannock Rapidan,534,43,10,Virginia
2020-05-10,Rappahannock,782,118,12,Virginia
2020-05-10,Pittsylvania-Danville,56,21,2,Virginia
2020-05-10,Prince William,3554,339,58,Virginia
2020-05-10,Cumberland Plateau,29,2,0,Virginia
2020-05-10,Portsmouth,208,38,8,Virginia
2020-05-10,Virginia Beach,505,85,17,Virginia
2020-05-10,West Piedmont,59,8,1,Virginia
2020-05-10,Three Rivers,327,28,6,Virginia
2020-05-10,Alleghany,152,22,3,Virginia
2020-05-10,Lenowisco,41,14,3,Virginia
2020-05-10,Norfolk,308,50,5,Virginia
2020-05-10,Western Tidewater,485,55,24,Virginia
2020-05-10,Henrico,1083,152,110,Virginia
2020-05-10,Central Shenandoah,1070,61,24,Virginia
2020-05-10,Loudoun,1195,116,30,Virginia
2020-05-10,Chesterfield,873,66,32,Virginia
2020-05-10,Peninsula,443,108,30,Virginia
2020-05-09,Southside,162,29,10,Virginia
2020-05-09,Chesapeake,328,68,9,Virginia
2020-05-09,Thomas Jefferson,345,62,13,Virginia
2020-05-09,Roanoke,93,6,1,Virginia
2020-05-09,Eastern Shore,671,32,12,Virginia
2020-05-09,Mount Rogers,168,17,4,Virginia
2020-05-09,Chickahominy,298,65,23,Virginia
2020-05-09,New River,88,12,1,Virginia
2020-05-09,Central Virginia,156,13,2,Virginia
2020-05-09,Piedmont,373,29,4,Virginia
2020-05-09,Lord Fairfax,704,62,21,Virginia
2020-05-09,Crater,285,66,14,Virginia
2020-05-09,Hampton,144,29,3,Virginia
2020-05-09,Alexandria,1193,139,30,Virginia
2020-05-09,Fairfax,5968,938,246,Virginia
2020-05-09,Richmond,530,90,18,Virginia
2020-05-09,Arlington,1368,260,61,Virginia
2020-05-09,Rappahannock Rapidan,511,41,10,Virginia
2020-05-09,Rappahannock,762,116,12,Virginia
2020-05-09,Pittsylvania-Danville,55,21,2,Virginia
2020-05-09,Prince William,3241,318,52,Virginia
2020-05-09,Cumberland Plateau,29,2,0,Virginia
2020-05-09,Portsmouth,202,38,8,Virginia
2020-05-09,Virginia Beach,491,85,17,Virginia
2020-05-09,West Piedmont,55,8,1,Virginia
2020-05-09,Three Rivers,324,28,6,Virginia
2020-05-09,Alleghany,133,19,3,Virginia
2020-05-09,Lenowisco,41,14,3,Virginia
2020-05-09,Norfolk,304,50,5,Virginia
2020-05-09,Western Tidewater,482,55,24,Virginia
2020-05-09,Henrico,1067,152,109,Virginia
2020-05-09,Central Shenandoah,1046,60,24,Virginia
2020-05-09,Loudoun,1159,115,30,Virginia
2020-05-09,Chesterfield,871,66,32,Virginia
2020-05-09,Peninsula,434,106,29,Virginia
2020-05-08,Southside,157,28,10,Virginia
2020-05-08,Chesapeake,325,68,9,Virginia
2020-05-08,Thomas Jefferson,343,62,13,Virginia
2020-05-08,Roanoke,93,6,1,Virginia
2020-05-08,Eastern Shore,655,32,12,Virginia
2020-05-08,Mount Rogers,137,16,4,Virginia
2020-05-08,Chickahominy,291,65,23,Virginia
2020-05-08,New River,87,12,1,Virginia
2020-05-08,Central Virginia,156,13,2,Virginia
2020-05-08,Piedmont,374,29,4,Virginia
2020-05-08,Lord Fairfax,694,62,21,Virginia
2020-05-08,Crater,269,63,14,Virginia
2020-05-08,Hampton,138,29,3,Virginia
2020-05-08,Alexandria,1142,139,30,Virginia
2020-05-08,Fairfax,5686,917,237,Virginia
2020-05-08,Richmond,512,89,18,Virginia
2020-05-08,Arlington,1332,260,60,Virginia
2020-05-08,Rappahannock Rapidan,492,38,10,Virginia
2020-05-08,Rappahannock,727,114,12,Virginia
2020-05-08,Pittsylvania-Danville,56,21,2,Virginia
2020-05-08,Prince William,3022,311,51,Virginia
2020-05-08,Cumberland Plateau,28,2,0,Virginia
2020-05-08,Portsmouth,202,38,8,Virginia
2020-05-08,Virginia Beach,478,85,17,Virginia
2020-05-08,West Piedmont,54,8,1,Virginia
2020-05-08,Three Rivers,320,28,6,Virginia
2020-05-08,Alleghany,133,19,3,Virginia
2020-05-08,Lenowisco,41,14,3,Virginia
2020-05-08,Norfolk,290,50,5,Virginia
2020-05-08,Western Tidewater,479,55,24,Virginia
2020-05-08,Henrico,1054,150,109,Virginia
2020-05-08,Central Shenandoah,1040,60,23,Virginia
2020-05-08,Loudoun,1127,109,30,Virginia
2020-05-08,Chesterfield,848,66,32,Virginia
2020-05-08,Peninsula,414,106,29,Virginia
2020-05-07,Southside,148,27,10,Virginia
2020-05-07,Chesapeake,316,68,9,Virginia
2020-05-07,Thomas Jefferson,337,61,13,Virginia
2020-05-07,Roanoke,91,6,1,Virginia
2020-05-07,Eastern Shore,612,31,12,Virginia
2020-05-07,Mount Rogers,133,16,4,Virginia
2020-05-07,Chickahominy,281,62,22,Virginia
2020-05-07,New River,80,12,1,Virginia
2020-05-07,Central Virginia,154,12,2,Virginia
2020-05-07,Piedmont,350,28,4,Virginia
2020-05-07,Lord Fairfax,664,55,17,Virginia
2020-05-07,Crater,268,63,14,Virginia
2020-05-07,Hampton,135,28,3,Virginia
2020-05-07,Alexandria,1110,129,29,Virginia
2020-05-07,Fairfax,5414,896,234,Virginia
2020-05-07,Richmond,494,85,18,Virginia
2020-05-07,Arlington,1281,227,57,Virginia
2020-05-07,Rappahannock Rapidan,461,38,9,Virginia
2020-05-07,Rappahannock,707,111,11,Virginia
2020-05-07,Pittsylvania-Danville,56,21,2,Virginia
2020-05-07,Prince William,2943,307,50,Virginia
2020-05-07,Cumberland Plateau,28,2,0,Virginia
2020-05-07,Portsmouth,194,37,8,Virginia
2020-05-07,Virginia Beach,469,84,17,Virginia
2020-05-07,West Piedmont,52,7,1,Virginia
2020-05-07,Three Rivers,311,28,6,Virginia
2020-05-07,Alleghany,132,17,3,Virginia
2020-05-07,Lenowisco,41,14,3,Virginia
2020-05-07,Norfolk,274,50,5,Virginia
2020-05-07,Western Tidewater,466,54,24,Virginia
2020-05-07,Henrico,1032,148,110,Virginia
2020-05-07,Central Shenandoah,1007,57,23,Virginia
2020-05-07,Loudoun,1070,109,29,Virginia
2020-05-07,Chesterfield,824,64,32,Virginia
2020-05-07,Peninsula,407,105,29,Virginia
2020-05-04,Southside,139,25,10,Virginia
2020-05-04,Chesapeake,293,65,9,Virginia
2020-05-04,Thomas Jefferson,322,61,13,Virginia
2020-05-04,Roanoke,82,5,0,Virginia
2020-05-04,Eastern Shore,569,26,8,Virginia
2020-05-04,Mount Rogers,116,16,4,Virginia
2020-05-04,Chickahominy,268,58,20,Virginia
2020-05-04,New River,80,12,1,Virginia
2020-05-04,Central Virginia,150,8,1,Virginia
2020-05-04,Piedmont,288,24,3,Virginia
2020-05-04,Lord Fairfax,546,44,9,Virginia
2020-05-04,Crater,259,59,14,Virginia
2020-05-04,Hampton,128,28,3,Virginia
2020-05-04,Alexandria,983,120,26,Virginia
2020-05-04,Fairfax,4903,800,207,Virginia
2020-05-04,Richmond,438,76,16,Virginia
2020-05-04,Arlington,1169,196,49,Virginia
2020-05-04,Rappahannock Rapidan,412,34,7,Virginia
2020-05-04,Rappahannock,629,99,11,Virginia
2020-05-04,Pittsylvania-Danville,53,20,2,Virginia
2020-05-04,Prince William,2608,269,36,Virginia
2020-05-04,Cumberland Plateau,27,2,0,Virginia
2020-05-04,Portsmouth,187,36,8,Virginia
2020-05-04,Virginia Beach,445,83,15,Virginia
2020-05-04,West Piedmont,46,6,1,Virginia
2020-05-04,Three Rivers,254,24,3,Virginia
2020-05-04,Alleghany,127,16,3,Virginia
2020-05-04,Lenowisco,41,14,2,Virginia
2020-05-04,Norfolk,251,46,4,Virginia
2020-05-04,Western Tidewater,456,52,20,Virginia
2020-05-04,Henrico,985,139,106,Virginia
2020-05-04,Central Shenandoah,904,50,21,Virginia
2020-05-04,Loudoun,998,100,24,Virginia
2020-05-04,Chesterfield,719,58,31,Virginia
2020-05-04,Peninsula,381,102,26,Virginia
2020-05-03,Southside,140,25,10,Virginia
2020-05-03,Chesapeake,284,63,9,Virginia
2020-05-03,Thomas Jefferson,319,60,13,Virginia
2020-05-03,Roanoke,81,5,0,Virginia
2020-05-03,Eastern Shore,564,26,7,Virginia
2020-05-03,Mount Rogers,114,16,4,Virginia
2020-05-03,Chickahominy,264,53,19,Virginia
2020-05-03,New River,78,10,1,Virginia
2020-05-03,Central Virginia,147,8,1,Virginia
2020-05-03,Piedmont,248,23,3,Virginia
2020-05-03,Lord Fairfax,511,42,5,Virginia
2020-05-03,Crater,256,59,14,Virginia
2020-05-03,Hampton,128,28,1,Virginia
2020-05-03,Alexandria,940,110,26,Virginia
2020-05-03,Fairfax,4684,784,204,Virginia
2020-05-03,Richmond,419,72,16,Virginia
2020-05-03,Arlington,1139,194,47,Virginia
2020-05-03,Rappahannock Rapidan,397,32,7,Virginia
2020-05-03,Rappahannock,595,96,11,Virginia
2020-05-03,Pittsylvania-Danville,52,20,2,Virginia
2020-05-03,Prince William,2507,266,35,Virginia
2020-05-03,Cumberland Plateau,27,2,0,Virginia
2020-05-03,Portsmouth,183,35,8,Virginia
2020-05-03,Virginia Beach,439,83,15,Virginia
2020-05-03,West Piedmont,46,6,1,Virginia
2020-05-03,Three Rivers,256,23,2,Virginia
2020-05-03,Alleghany,121,16,3,Virginia
2020-05-03,Lenowisco,41,14,2,Virginia
2020-05-03,Norfolk,239,45,4,Virginia
2020-05-03,Western Tidewater,439,50,18,Virginia
2020-05-03,Henrico,964,137,105,Virginia
2020-05-03,Central Shenandoah,861,46,18,Virginia
2020-05-03,Loudoun,961,96,18,Virginia
2020-05-03,Chesterfield,673,53,30,Virginia
2020-05-03,Peninsula,375,102,25,Virginia
2020-05-02,Southside,138,25,10,Virginia
2020-05-02,Chesapeake,263,61,7,Virginia
2020-05-02,Thomas Jefferson,303,60,13,Virginia
2020-05-02,Roanoke,80,5,0,Virginia
2020-05-02,Eastern Shore,447,22,5,Virginia
2020-05-02,Mount Rogers,89,16,4,Virginia
2020-05-02,Chickahominy,247,51,17,Virginia
2020-05-02,New River,75,10,1,Virginia
2020-05-02,Central Virginia,142,8,1,Virginia
2020-05-02,Piedmont,246,23,3,Virginia
2020-05-02,Lord Fairfax,473,42,5,Virginia
2020-05-02,Crater,212,56,12,Virginia
2020-05-02,Hampton,122,28,1,Virginia
2020-05-02,Alexandria,848,108,26,Virginia
2020-05-02,Fairfax,4101,693,157,Virginia
2020-05-02,Richmond,382,66,16,Virginia
2020-05-02,Arlington,1044,191,46,Virginia
2020-05-02,Rappahannock Rapidan,363,28,5,Virginia
2020-05-02,Rappahannock,535,95,11,Virginia
2020-05-02,Pittsylvania-Danville,51,20,2,Virginia
2020-05-02,Prince William,2234,219,32,Virginia
2020-05-02,Cumberland Plateau,27,2,0,Virginia
2020-05-02,Portsmouth,173,34,8,Virginia
2020-05-02,Virginia Beach,413,81,15,Virginia
2020-05-02,West Piedmont,45,6,1,Virginia
2020-05-02,Three Rivers,235,22,2,Virginia
2020-05-02,Alleghany,117,16,3,Virginia
2020-05-02,Lenowisco,41,14,2,Virginia
2020-05-02,Norfolk,211,42,3,Virginia
2020-05-02,Western Tidewater,425,47,17,Virginia
2020-05-02,Henrico,926,135,104,Virginia
2020-05-02,Central Shenandoah,821,46,17,Virginia
2020-05-02,Loudoun,881,95,16,Virginia
2020-05-02,Chesterfield,664,53,29,Virginia
2020-05-02,Peninsula,357,99,25,Virginia
2020-05-01,Southside,138,25,10,Virginia
2020-05-01,Chesapeake,263,61,7,Virginia
2020-05-01,Thomas Jefferson,303,60,13,Virginia
2020-05-01,Roanoke,80,5,0,Virginia
2020-05-01,Eastern Shore,447,22,5,Virginia
2020-05-01,Mount Rogers,89,16,4,Virginia
2020-05-01,Chickahominy,247,51,17,Virginia
2020-05-01,New River,75,10,1,Virginia
2020-05-01,Central Virginia,142,8,1,Virginia
2020-05-01,Piedmont,246,23,3,Virginia
2020-05-01,Lord Fairfax,473,42,5,Virginia
2020-05-01,Crater,212,56,12,Virginia
2020-05-01,Hampton,122,28,1,Virginia
2020-05-01,Alexandria,848,108,26,Virginia
2020-05-01,Fairfax,4101,693,157,Virginia
2020-05-01,Richmond,382,66,16,Virginia
2020-05-01,Arlington,1044,191,46,Virginia
2020-05-01,Rappahannock Rapidan,363,28,5,Virginia
2020-05-01,Rappahannock,535,95,11,Virginia
2020-05-01,Pittsylvania-Danville,51,20,2,Virginia
2020-05-01,Prince William,2234,219,32,Virginia
2020-05-01,Cumberland Plateau,27,2,0,Virginia
2020-05-01,Portsmouth,173,34,8,Virginia
2020-05-01,Virginia Beach,413,81,15,Virginia
2020-05-01,West Piedmont,45,6,1,Virginia
2020-05-01,Three Rivers,235,22,2,Virginia
2020-05-01,Alleghany,117,16,3,Virginia
2020-05-01,Lenowisco,41,14,2,Virginia
2020-05-01,Norfolk,211,42,3,Virginia
2020-05-01,Western Tidewater,425,47,17,Virginia
2020-05-01,Henrico,926,135,104,Virginia
2020-05-01,Central Shenandoah,821,46,17,Virginia
2020-05-01,Loudoun,881,95,16,Virginia
2020-05-01,Chesterfield,664,53,29,Virginia
2020-05-01,Peninsula,357,99,25,Virginia
2020-04-30,Southside,135,24,10,Virginia
2020-04-30,Chesapeake,256,60,7,Virginia
2020-04-30,Thomas Jefferson,298,60,13,Virginia
2020-04-30,Roanoke,80,5,0,Virginia
2020-04-30,Eastern Shore,385,22,5,Virginia
2020-04-30,Mount Rogers,86,16,4,Virginia
2020-04-30,Chickahominy,246,51,18,Virginia
2020-04-30,New River,75,10,1,Virginia
2020-04-30,Central Virginia,136,7,1,Virginia
2020-04-30,Piedmont,199,21,3,Virginia
2020-04-30,Lord Fairfax,446,42,4,Virginia
2020-04-30,Crater,205,55,12,Virginia
2020-04-30,Hampton,119,28,1,Virginia
2020-04-30,Alexandria,802,104,24,Virginia
2020-04-30,Fairfax,3952,650,141,Virginia
2020-04-30,Richmond,364,66,15,Virginia
2020-04-30,Arlington,1004,169,42,Virginia
2020-04-30,Rappahannock Rapidan,345,26,5,Virginia
2020-04-30,Rappahannock,506,91,11,Virginia
2020-04-30,Pittsylvania-Danville,48,19,2,Virginia
2020-04-30,Prince William,2071,212,31,Virginia
2020-04-30,Cumberland Plateau,26,1,0,Virginia
2020-04-30,Portsmouth,170,33,7,Virginia
2020-04-30,Virginia Beach,396,81,14,Virginia
2020-04-30,West Piedmont,41,6,1,Virginia
2020-04-30,Three Rivers,227,22,2,Virginia
2020-04-30,Alleghany,116,16,3,Virginia
2020-04-30,Lenowisco,41,14,2,Virginia
2020-04-30,Norfolk,204,42,3,Virginia
2020-04-30,Western Tidewater,422,47,17,Virginia
2020-04-30,Henrico,898,129,102,Virginia
2020-04-30,Central Shenandoah,793,44,13,Virginia
2020-04-30,Loudoun,832,93,15,Virginia
2020-04-30,Chesterfield,625,52,29,Virginia
2020-04-30,Peninsula,352,98,23,Virginia
2020-04-29,Pittsylvania-Danville,46,19,2,Virginia
2020-04-29,Peninsula,338,98,21,Virginia
2020-04-29,Eastern Shore,265,21,4,Virginia
2020-04-29,Lenowisco,40,14,2,Virginia
2020-04-29,Cumberland Plateau,25,1,0,Virginia
2020-04-29,Piedmont,150,19,3,Virginia
2020-04-29,Southside,131,24,10,Virginia
2020-04-29,Alexandria,700,92,21,Virginia
2020-04-29,Henrico,846,122,98,Virginia
2020-04-29,Hampton,109,28,1,Virginia
2020-04-29,Alleghany,99,16,3,Virginia
2020-04-29,Richmond,323,62,14,Virginia
2020-04-29,Chesapeake,232,56,6,Virginia
2020-04-29,Crater,197,53,12,Virginia
2020-04-29,Roanoke,57,5,0,Virginia
2020-04-29,Portsmouth,150,33,5,Virginia
2020-04-29,Central Shenandoah,710,43,13,Virginia
2020-04-29,New River,73,8,1,Virginia
2020-04-29,Loudoun,727,87,14,Virginia
2020-04-29,Central Virginia,120,7,1,Virginia
2020-04-29,Chickahominy,223,49,15,Virginia
2020-04-29,Rappahannock Rapidan,282,25,5,Virginia
2020-04-29,Norfolk,192,39,3,Virginia
2020-04-29,Arlington,912,163,32,Virginia
2020-04-29,Prince William,1783,195,26,Virginia
2020-04-29,Thomas Jefferson,264,59,12,Virginia
2020-04-29,Rappahannock,439,91,9,Virginia
2020-04-29,Three Rivers,218,16,2,Virginia
2020-04-29,Chesterfield,562,42,23,Virginia
2020-04-29,Lord Fairfax,382,37,4,Virginia
2020-04-29,Fairfax,3501,592,128,Virginia
2020-04-29,Virginia Beach,365,76,12,Virginia
2020-04-29,Mount Rogers,75,16,4,Virginia
2020-04-29,West Piedmont,41,5,1,Virginia
2020-04-29,Western Tidewater,384,46,15,Virginia
2020-04-28,Pittsylvania-Danville,46,19,2,Virginia
2020-04-28,Peninsula,338,98,21,Virginia
2020-04-28,Eastern Shore,265,21,4,Virginia
2020-04-28,Lenowisco,40,14,2,Virginia
2020-04-28,Cumberland Plateau,25,1,0,Virginia
2020-04-28,Piedmont,150,19,3,Virginia
2020-04-28,Southside,131,24,10,Virginia
2020-04-28,Alexandria,700,92,21,Virginia
2020-04-28,Henrico,846,122,98,Virginia
2020-04-28,Hampton,109,28,1,Virginia
2020-04-28,Alleghany,99,16,3,Virginia
2020-04-28,Richmond,323,62,14,Virginia
2020-04-28,Chesapeake,232,56,6,Virginia
2020-04-28,Crater,197,53,12,Virginia
2020-04-28,Roanoke,57,5,0,Virginia
2020-04-28,Portsmouth,150,33,5,Virginia
2020-04-28,Central Shenandoah,710,43,13,Virginia
2020-04-28,New River,73,8,1,Virginia
2020-04-28,Loudoun,727,87,14,Virginia
2020-04-28,Central Virginia,120,7,1,Virginia
2020-04-28,Chickahominy,223,49,15,Virginia
2020-04-28,Rappahannock Rapidan,282,25,5,Virginia
2020-04-28,Norfolk,192,39,3,Virginia
2020-04-28,Arlington,912,163,32,Virginia
2020-04-28,Prince William,1783,195,26,Virginia
2020-04-28,Thomas Jefferson,264,59,12,Virginia
2020-04-28,Rappahannock,439,91,9,Virginia
2020-04-28,Three Rivers,218,16,2,Virginia
2020-04-28,Chesterfield,562,42,23,Virginia
2020-04-28,Lord Fairfax,382,37,4,Virginia
2020-04-28,Fairfax,3501,592,128,Virginia
2020-04-28,Virginia Beach,365,76,12,Virginia
2020-04-28,Mount Rogers,75,16,4,Virginia
2020-04-28,West Piedmont,41,5,1,Virginia
2020-04-28,Western Tidewater,384,46,15,Virginia
2020-04-27,Pittsylvania-Danville,44,18,2,Virginia
2020-04-27,Peninsula,336,98,21,Virginia
2020-04-27,Eastern Shore,258,21,4,Virginia
2020-04-27,Lenowisco,40,13,2,Virginia
2020-04-27,Cumberland Plateau,24,1,0,Virginia
2020-04-27,Piedmont,144,18,3,Virginia
2020-04-27,Southside,130,23,9,Virginia
2020-04-27,Alexandria,653,82,20,Virginia
2020-04-27,Henrico,835,120,95,Virginia
2020-04-27,Hampton,108,28,1,Virginia
2020-04-27,Alleghany,88,15,3,Virginia
2020-04-27,Richmond,312,60,14,Virginia
2020-04-27,Chesapeake,220,50,6,Virginia
2020-04-27,Crater,190,51,12,Virginia
2020-04-27,Roanoke,35,5,0,Virginia
2020-04-27,Portsmouth,149,32,5,Virginia
2020-04-27,Central Shenandoah,698,42,11,Virginia
2020-04-27,New River,71,8,1,Virginia
2020-04-27,Loudoun,688,84,12,Virginia
2020-04-27,Central Virginia,113,7,1,Virginia
2020-04-27,Chickahominy,217,46,14,Virginia
2020-04-27,Rappahannock Rapidan,275,24,4,Virginia
2020-04-27,Norfolk,188,38,3,Virginia
2020-04-27,Arlington,865,157,32,Virginia
2020-04-27,Prince William,1677,183,23,Virginia
2020-04-27,Thomas Jefferson,261,59,12,Virginia
2020-04-27,Rappahannock,426,88,9,Virginia
2020-04-27,Three Rivers,214,15,1,Virginia
2020-04-27,Chesterfield,546,40,23,Virginia
2020-04-27,Lord Fairfax,355,36,3,Virginia
2020-04-27,Fairfax,3331,562,118,Virginia
2020-04-27,Virginia Beach,359,76,12,Virginia
2020-04-27,Mount Rogers,68,15,4,Virginia
2020-04-27,West Piedmont,40,5,1,Virginia
2020-04-27,Western Tidewater,381,45,11,Virginia
2020-04-26,Pittsylvania-Danville,44,18,2,Virginia
2020-04-26,Peninsula,331,98,21,Virginia
2020-04-26,Eastern Shore,223,20,3,Virginia
2020-04-26,Lenowisco,37,13,2,Virginia
2020-04-26,Cumberland Plateau,22,1,0,Virginia
2020-04-26,Piedmont,133,17,3,Virginia
2020-04-26,Southside,129,23,9,Virginia
2020-04-26,Alexandria,627,79,18,Virginia
2020-04-26,Henrico,817,116,89,Virginia
2020-04-26,Hampton,108,28,1,Virginia
2020-04-26,Alleghany,87,14,3,Virginia
2020-04-26,Richmond,304,59,14,Virginia
2020-04-26,Chesapeake,214,45,6,Virginia
2020-04-26,Crater,190,51,12,Virginia
2020-04-26,Roanoke,33,5,0,Virginia
2020-04-26,Portsmouth,114,32,5,Virginia
2020-04-26,Central Shenandoah,647,42,11,Virginia
2020-04-26,New River,71,8,1,Virginia
2020-04-26,Loudoun,628,78,12,Virginia
2020-04-26,Central Virginia,113,7,1,Virginia
2020-04-26,Chickahominy,213,43,12,Virginia
2020-04-26,Rappahannock Rapidan,250,22,4,Virginia
2020-04-26,Norfolk,184,36,3,Virginia
2020-04-26,Arlington,836,144,32,Virginia
2020-04-26,Prince William,1568,171,23,Virginia
2020-04-26,Thomas Jefferson,258,57,11,Virginia
2020-04-26,Rappahannock,410,87,9,Virginia
2020-04-26,Three Rivers,204,14,1,Virginia
2020-04-26,Chesterfield,513,39,21,Virginia
2020-04-26,Lord Fairfax,344,35,2,Virginia
2020-04-26,Fairfax,3055,529,104,Virginia
2020-04-26,Virginia Beach,355,72,10,Virginia
2020-04-26,Mount Rogers,66,15,4,Virginia
2020-04-26,West Piedmont,36,5,1,Virginia
2020-04-26,Western Tidewater,371,43,8,Virginia
2020-04-25,Pittsylvania-Danville,44,17,2,Virginia
2020-04-25,Peninsula,329,97,20,Virginia
2020-04-25,Eastern Shore,211,18,3,Virginia
2020-04-25,Lenowisco,36,12,2,Virginia
2020-04-25,Cumberland Plateau,20,1,0,Virginia
2020-04-25,Piedmont,123,17,3,Virginia
2020-04-25,Southside,125,23,9,Virginia
2020-04-25,Alexandria,591,80,19,Virginia
2020-04-25,Henrico,792,116,89,Virginia
2020-04-25,Hampton,104,28,1,Virginia
2020-04-25,Alleghany,83,14,3,Virginia
2020-04-25,Richmond,301,58,14,Virginia
2020-04-25,Chesapeake,208,45,6,Virginia
2020-04-25,Crater,173,49,11,Virginia
2020-04-25,Roanoke,33,5,0,Virginia
2020-04-25,Portsmouth,108,32,5,Virginia
2020-04-25,Central Shenandoah,625,41,11,Virginia
2020-04-25,New River,69,8,1,Virginia
2020-04-25,Loudoun,596,76,11,Virginia
2020-04-25,Central Virginia,111,7,1,Virginia
2020-04-25,Chickahominy,208,43,12,Virginia
2020-04-25,Rappahannock Rapidan,232,21,3,Virginia
2020-04-25,Norfolk,179,34,3,Virginia
2020-04-25,Arlington,790,141,32,Virginia
2020-04-25,Prince William,1468,155,22,Virginia
2020-04-25,Thomas Jefferson,254,50,11,Virginia
2020-04-25,Rappahannock,391,87,9,Virginia
2020-04-25,Three Rivers,161,14,1,Virginia
2020-04-25,Chesterfield,513,39,21,Virginia
2020-04-25,Lord Fairfax,334,35,1,Virginia
2020-04-25,Fairfax,2941,516,99,Virginia
2020-04-25,Virginia Beach,345,72,10,Virginia
2020-04-25,Mount Rogers,66,15,4,Virginia
2020-04-25,West Piedmont,35,5,1,Virginia
2020-04-25,Western Tidewater,371,43,8,Virginia
2020-04-24,Pittsylvania-Danville,43,17,2,Virginia
2020-04-24,Peninsula,325,97,20,Virginia
2020-04-24,Eastern Shore,166,18,3,Virginia
2020-04-24,Lenowisco,35,12,2,Virginia
2020-04-24,Cumberland Plateau,20,1,0,Virginia
2020-04-24,Piedmont,118,17,3,Virginia
2020-04-24,Southside,115,23,9,Virginia
2020-04-24,Alexandria,575,80,18,Virginia
2020-04-24,Henrico,764,115,89,Virginia
2020-04-24,Hampton,101,26,1,Virginia
2020-04-24,Alleghany,82,14,3,Virginia
2020-04-24,Richmond,287,55,14,Virginia
2020-04-24,Chesapeake,200,45,6,Virginia
2020-04-24,Crater,170,41,9,Virginia
2020-04-24,Roanoke,33,5,0,Virginia
2020-04-24,Portsmouth,103,31,5,Virginia
2020-04-24,Central Shenandoah,624,40,11,Virginia
2020-04-24,New River,69,8,1,Virginia
2020-04-24,Loudoun,564,72,11,Virginia
2020-04-24,Central Virginia,103,7,1,Virginia
2020-04-24,Chickahominy,204,40,12,Virginia
2020-04-24,Rappahannock Rapidan,216,21,3,Virginia
2020-04-24,Norfolk,169,32,3,Virginia
2020-04-24,Arlington,764,139,29,Virginia
2020-04-24,Prince William,1382,150,21,Virginia
2020-04-24,Thomas Jefferson,249,50,11,Virginia
2020-04-24,Rappahannock,368,78,9,Virginia
2020-04-24,Three Rivers,146,14,1,Virginia
2020-04-24,Chesterfield,494,39,21,Virginia
2020-04-24,Lord Fairfax,329,35,1,Virginia
2020-04-24,Fairfax,2797,488,94,Virginia
2020-04-24,Virginia Beach,335,71,10,Virginia
2020-04-24,Mount Rogers,59,15,4,Virginia
2020-04-24,West Piedmont,34,5,1,Virginia
2020-04-24,Western Tidewater,323,41,8,Virginia
2020-04-23,Pittsylvania-Danville,42,17,2,Virginia
2020-04-23,Peninsula,320,96,20,Virginia
2020-04-23,Eastern Shore,115,18,3,Virginia
2020-04-23,Lenowisco,35,12,2,Virginia
2020-04-23,Cumberland Plateau,18,1,0,Virginia
2020-04-23,Piedmont,111,17,3,Virginia
2020-04-23,Southside,104,23,7,Virginia
2020-04-23,Alexandria,547,81,15,Virginia
2020-04-23,Henrico,729,107,86,Virginia
2020-04-23,Hampton,99,26,1,Virginia
2020-04-23,Alleghany,82,14,3,Virginia
2020-04-23,Richmond,267,51,14,Virginia
2020-04-23,Chesapeake,197,43,5,Virginia
2020-04-23,Crater,167,35,9,Virginia
2020-04-23,Roanoke,33,5,0,Virginia
2020-04-23,Portsmouth,100,30,4,Virginia
2020-04-23,Central Shenandoah,599,39,11,Virginia
2020-04-23,New River,67,8,0,Virginia
2020-04-23,Loudoun,529,67,10,Virginia
2020-04-23,Central Virginia,102,7,1,Virginia
2020-04-23,Chickahominy,201,40,12,Virginia
2020-04-23,Rappahannock Rapidan,200,21,3,Virginia
2020-04-23,Norfolk,141,31,3,Virginia
2020-04-23,Arlington,722,120,24,Virginia
2020-04-23,Prince William,1291,138,20,Virginia
2020-04-23,Thomas Jefferson,244,49,11,Virginia
2020-04-23,Rappahannock,355,75,9,Virginia
2020-04-23,Three Rivers,122,11,1,Virginia
2020-04-23,Chesterfield,473,38,20,Virginia
2020-04-23,Lord Fairfax,256,31,0,Virginia
2020-04-23,Fairfax,2584,460,89,Virginia
2020-04-23,Virginia Beach,331,65,10,Virginia
2020-04-23,Mount Rogers,59,15,4,Virginia
2020-04-23,West Piedmont,33,5,1,Virginia
2020-04-23,Western Tidewater,319,41,7,Virginia
2020-04-22,Pittsylvania-Danville,42,17,2,Virginia
2020-04-22,Peninsula,317,96,20,Virginia
2020-04-22,Eastern Shore,88,18,2,Virginia
2020-04-22,Lenowisco,34,12,2,Virginia
2020-04-22,Cumberland Plateau,18,1,0,Virginia
2020-04-22,Piedmont,104,17,3,Virginia
2020-04-22,Southside,97,22,1,Virginia
2020-04-22,Alexandria,512,74,14,Virginia
2020-04-22,Henrico,718,99,83,Virginia
2020-04-22,Hampton,99,26,1,Virginia
2020-04-22,Alleghany,76,13,3,Virginia
2020-04-22,Richmond,259,45,13,Virginia
2020-04-22,Chesapeake,186,40,5,Virginia
2020-04-22,Crater,164,32,9,Virginia
2020-04-22,Roanoke,28,5,0,Virginia
2020-04-22,Portsmouth,98,30,4,Virginia
2020-04-22,Central Shenandoah,575,37,10,Virginia
2020-04-22,New River,66,8,0,Virginia
2020-04-22,Loudoun,498,64,10,Virginia
2020-04-22,Central Virginia,99,7,1,Virginia
2020-04-22,Chickahominy,194,38,12,Virginia
2020-04-22,Rappahannock Rapidan,185,19,2,Virginia
2020-04-22,Norfolk,136,31,3,Virginia
2020-04-22,Arlington,686,118,24,Virginia
2020-04-22,Prince William,1192,132,20,Virginia
2020-04-22,Thomas Jefferson,242,48,10,Virginia
2020-04-22,Rappahannock,336,75,9,Virginia
2020-04-22,Three Rivers,122,11,1,Virginia
2020-04-22,Chesterfield,452,34,9,Virginia
2020-04-22,Lord Fairfax,234,28,0,Virginia
2020-04-22,Fairfax,2413,436,80,Virginia
2020-04-22,Virginia Beach,328,61,8,Virginia
2020-04-22,Mount Rogers,59,15,4,Virginia
2020-04-22,West Piedmont,28,4,1,Virginia
2020-04-22,Western Tidewater,313,40,6,Virginia
2020-04-21,Lenowisco,32,10,2,Virginia
2020-04-21,Chesterfield,402,30,9,Virginia
2020-04-21,Portsmouth,93,30,4,Virginia
2020-04-21,Western Tidewater,249,39,6,Virginia
2020-04-21,Cumberland Plateau,18,1,0,Virginia
2020-04-21,Prince William,1075,122,18,Virginia
2020-04-21,Hampton,97,26,1,Virginia
2020-04-21,Southside,94,21,1,Virginia
2020-04-21,Henrico,684,96,82,Virginia
2020-04-21,Alexandria,474,65,12,Virginia
2020-04-21,Chickahominy,191,35,11,Virginia
2020-04-21,New River,66,8,0,Virginia
2020-04-21,Fairfax,2306,409,68,Virginia
2020-04-21,Lord Fairfax,217,21,0,Virginia
2020-04-21,Rappahannock Rapidan,164,18,2,Virginia
2020-04-21,Pittsylvania-Danville,38,17,2,Virginia
2020-04-21,Crater,139,26,9,Virginia
2020-04-21,Virginia Beach,313,60,8,Virginia
2020-04-21,Richmond,250,41,10,Virginia
2020-04-21,Norfolk,126,29,3,Virginia
2020-04-21,Thomas Jefferson,234,46,10,Virginia
2020-04-21,Eastern Shore,67,16,1,Virginia
2020-04-21,West Piedmont,28,4,1,Virginia
2020-04-21,Piedmont,90,16,3,Virginia
2020-04-21,Peninsula,311,96,20,Virginia
2020-04-21,Alleghany,73,13,3,Virginia
2020-04-21,Chesapeake,180,39,5,Virginia
2020-04-21,Rappahannock,310,75,9,Virginia
2020-04-21,Three Rivers,104,10,1,Virginia
2020-04-21,Central Shenandoah,525,36,9,Virginia
2020-04-21,Mount Rogers,58,15,4,Virginia
2020-04-21,Loudoun,475,61,9,Virginia
2020-04-21,Central Virginia,93,7,2,Virginia
2020-04-21,Roanoke,27,5,0,Virginia
2020-04-21,Arlington,663,116,24,Virginia
2020-04-20,Alexandria,462,60,9,Virginia
2020-04-20,Alleghany,64,13,3,Virginia
2020-04-20,Arlington,625,114,23,Virginia
2020-04-20,Central Shenandoah,445,23,1,Virginia
2020-04-20,Central Virginia,89,7,2,Virginia
2020-04-20,Chesapeake,176,39,5,Virginia
2020-04-20,Chesterfield,390,29,9,Virginia
2020-04-20,Chickahominy,186,35,12,Virginia
2020-04-20,Crater,138,25,9,Virginia
2020-04-20,Cumberland Plateau,18,1,0,Virginia
2020-04-20,Eastern Shore,59,16,1,Virginia
2020-04-20,Fairfax,2123,383,66,Virginia
2020-04-20,Hampton,92,26,1,Virginia
2020-04-20,Henrico,621,90,77,Virginia
2020-04-20,Lenowisco,32,10,2,Virginia
2020-04-20,Lord Fairfax,201,21,0,Virginia
2020-04-20,Loudoun,468,59,8,Virginia
2020-04-20,Mount Rogers,57,15,4,Virginia
2020-04-20,New River,62,8,0,Virginia
2020-04-20,Norfolk,118,28,3,Virginia
2020-04-20,Peninsula,311,96,20,Virginia
2020-04-20,Piedmont,90,16,3,Virginia
2020-04-20,Pittsylvania-Danville,36,17,2,Virginia
2020-04-20,Portsmouth,82,28,4,Virginia
2020-04-20,Prince William,1008,113,17,Virginia
2020-04-20,Rappahannock,296,72,6,Virginia
2020-04-20,Rappahannock Rapidan,148,18,2,Virginia
2020-04-20,Richmond,246,39,10,Virginia
2020-04-20,Roanoke,25,5,0,Virginia
2020-04-20,Southside,92,20,1,Virginia
2020-04-20,Thomas Jefferson,224,46,10,Virginia
2020-04-20,Three Rivers,102,10,1,Virginia
2020-04-20,Virginia Beach,288,60,8,Virginia
2020-04-20,West Piedmont,27,4,1,Virginia
2020-04-20,Western Tidewater,229,35,4,Virginia
2020-04-19,Alexandria,421,45,8,Virginia
2020-04-19,Alleghany,62,12,3,Virginia
2020-04-19,Arlington,593,112,22,Virginia
2020-04-19,Central Shenandoah,411,23,1,Virginia
2020-04-19,Central Virginia,82,7,2,Virginia
2020-04-19,Chesapeake,166,38,5,Virginia
2020-04-19,Chesterfield,365,29,7,Virginia
2020-04-19,Chickahominy,178,34,12,Virginia
2020-04-19,Crater,121,21,9,Virginia
2020-04-19,Cumberland Plateau,18,1,0,Virginia
2020-04-19,Eastern Shore,59,16,1,Virginia
2020-04-19,Fairfax,1970,366,59,Virginia
2020-04-19,Hampton,90,27,1,Virginia
2020-04-19,Henrico,598,83,72,Virginia
2020-04-19,Lenowisco,31,10,2,Virginia
2020-04-19,Lord Fairfax,191,18,0,Virginia
2020-04-19,Loudoun,446,56,8,Virginia
2020-04-19,Mount Rogers,57,15,4,Virginia
2020-04-19,New River,58,8,0,Virginia
2020-04-19,Norfolk,113,28,2,Virginia
2020-04-19,Peninsula,312,97,20,Virginia
2020-04-19,Piedmont,86,15,2,Virginia
2020-04-19,Pittsylvania-Danville,34,17,1,Virginia
2020-04-19,Portsmouth,65,24,4,Virginia
2020-04-19,Prince William,919,110,17,Virginia
2020-04-19,Rappahannock,287,68,6,Virginia
2020-04-19,Rappahannock Rapidan,122,17,2,Virginia
2020-04-19,Richmond,236,35,9,Virginia
2020-04-19,Roanoke,24,4,0,Virginia
2020-04-19,Southside,87,18,1,Virginia
2020-04-19,Thomas Jefferson,216,43,7,Virginia
2020-04-19,Three Rivers,58,7,1,Virginia
2020-04-19,Virginia Beach,281,59,8,Virginia
2020-04-19,West Piedmont,26,4,1,Virginia
2020-04-19,Western Tidewater,207,33,3,Virginia
2020-04-18,Alexandria,383,42,7,Virginia
2020-04-18,Alleghany,60,12,3,Virginia
2020-04-18,Arlington,575,110,20,Virginia
2020-04-18,Central Shenandoah,383,23,1,Virginia
2020-04-18,Central Virginia,82,7,2,Virginia
2020-04-18,Chesapeake,162,38,5,Virginia
2020-04-18,Chesterfield,342,27,7,Virginia
2020-04-18,Chickahominy,167,27,8,Virginia
2020-04-18,Crater,111,14,7,Virginia
2020-04-18,Cumberland Plateau,18,1,0,Virginia
2020-04-18,Eastern Shore,49,15,1,Virginia
2020-04-18,Fairfax,1820,335,48,Virginia
2020-04-18,Hampton,83,27,1,Virginia
2020-04-18,Henrico,584,83,71,Virginia
2020-04-18,Lenowisco,31,10,2,Virginia
2020-04-18,Lord Fairfax,188,18,0,Virginia
2020-04-18,Loudoun,425,50,7,Virginia
2020-04-18,Mount Rogers,56,15,4,Virginia
2020-04-18,New River,56,8,0,Virginia
2020-04-18,Norfolk,111,28,2,Virginia
2020-04-18,Peninsula,311,97,20,Virginia
2020-04-18,Piedmont,86,14,2,Virginia
2020-04-18,Pittsylvania-Danville,33,17,1,Virginia
2020-04-18,Portsmouth,65,24,4,Virginia
2020-04-18,Prince William,860,96,16,Virginia
2020-04-18,Rappahannock,274,68,6,Virginia
2020-04-18,Rappahannock Rapidan,111,16,2,Virginia
2020-04-18,Richmond,231,34,9,Virginia
2020-04-18,Roanoke,24,4,0,Virginia
2020-04-18,Southside,85,18,1,Virginia
2020-04-18,Thomas Jefferson,210,42,7,Virginia
2020-04-18,Three Rivers,58,7,1,Virginia
2020-04-18,Virginia Beach,273,59,8,Virginia
2020-04-18,West Piedmont,25,3,1,Virginia
2020-04-18,Western Tidewater,205,33,3,Virginia
2020-04-17,Alexandria,354,40,7,Virginia
2020-04-17,Alleghany,56,10,2,Virginia
2020-04-17,Arlington,520,54,17,Virginia
2020-04-17,Central Shenandoah,380,23,1,Virginia
2020-04-17,Central Virginia,81,7,2,Virginia
2020-04-17,Chesapeake,154,37,4,Virginia
2020-04-17,Chesterfield,342,26,7,Virginia
2020-04-17,Chickahominy,162,25,7,Virginia
2020-04-17,Crater,111,14,7,Virginia
2020-04-17,Cumberland Plateau,18,1,0,Virginia
2020-04-17,Eastern Shore,38,12,1,Virginia
2020-04-17,Fairfax,1636,309,43,Virginia
2020-04-17,Hampton,79,21,1,Virginia
2020-04-17,Henrico,559,83,71,Virginia
2020-04-17,Lenowisco,30,10,2,Virginia
2020-04-17,Lord Fairfax,188,18,0,Virginia
2020-04-17,Loudoun,413,47,7,Virginia
2020-04-17,Mount Rogers,52,14,4,Virginia
2020-04-17,New River,56,8,0,Virginia
2020-04-17,Norfolk,109,27,2,Virginia
2020-04-17,Peninsula,304,90,16,Virginia
2020-04-17,Piedmont,82,14,2,Virginia
2020-04-17,Pittsylvania-Danville,30,17,1,Virginia
2020-04-17,Portsmouth,65,24,4,Virginia
2020-04-17,Prince William,803,88,15,Virginia
2020-04-17,Rappahannock,261,68,5,Virginia
2020-04-17,Rappahannock Rapidan,104,15,2,Virginia
2020-04-17,Richmond,211,34,9,Virginia
2020-04-17,Roanoke,24,4,0,Virginia
2020-04-17,Southside,84,18,1,Virginia
2020-04-17,Thomas Jefferson,209,41,6,Virginia
2020-04-17,Three Rivers,57,7,1,Virginia
2020-04-17,Virginia Beach,271,58,7,Virginia
2020-04-17,West Piedmont,25,3,1,Virginia
2020-04-17,Western Tidewater,185,29,3,Virginia
2020-04-16,Alexandria,321,36,5,Virginia
2020-04-16,Alleghany,56,10,2,Virginia
2020-04-16,Arlington,485,53,15,Virginia
2020-04-16,Central Shenandoah,340,15,1,Virginia
2020-04-16,Central Virginia,81,6,1,Virginia
2020-04-16,Chesapeake,147,36,4,Virginia
2020-04-16,Chesterfield,317,26,7,Virginia
2020-04-16,Chickahominy,149,23,6,Virginia
2020-04-16,Crater,109,14,7,Virginia
2020-04-16,Cumberland Plateau,18,1,0,Virginia
2020-04-16,Eastern Shore,33,11,1,Virginia
2020-04-16,Fairfax,1478,285,37,Virginia
2020-04-16,Hampton,78,21,1,Virginia
2020-04-16,Henrico,532,72,62,Virginia
2020-04-16,Lenowisco,27,9,1,Virginia
2020-04-16,Lord Fairfax,169,15,0,Virginia
2020-04-16,Loudoun,385,46,7,Virginia
2020-04-16,Mount Rogers,52,14,4,Virginia
2020-04-16,New River,54,7,0,Virginia
2020-04-16,Norfolk,108,27,2,Virginia
2020-04-16,Peninsula,301,88,14,Virginia
2020-04-16,Piedmont,78,14,2,Virginia
2020-04-16,Pittsylvania-Danville,28,17,1,Virginia
2020-04-16,Portsmouth,63,23,4,Virginia
2020-04-16,Prince William,737,84,14,Virginia
2020-04-16,Rappahannock,241,68,5,Virginia
2020-04-16,Rappahannock Rapidan,95,15,2,Virginia
2020-04-16,Richmond,201,31,10,Virginia
2020-04-16,Roanoke,24,4,0,Virginia
2020-04-16,Southside,79,17,1,Virginia
2020-04-16,Thomas Jefferson,205,39,4,Virginia
2020-04-16,Three Rivers,55,7,1,Virginia
2020-04-16,Virginia Beach,265,57,6,Virginia
2020-04-16,West Piedmont,25,3,1,Virginia
2020-04-16,Western Tidewater,155,27,3,Virginia
2020-04-15,Alexandria,275,32,4,Virginia
2020-04-15,Alleghany,53,10,2,Virginia
2020-04-15,Arlington,453,50,15,Virginia
2020-04-15,Central Shenandoah,226,15,1,Virginia
2020-04-15,Central Virginia,76,6,1,Virginia
2020-04-15,Chesapeake,143,35,4,Virginia
2020-04-15,Chesterfield,290,26,7,Virginia
2020-04-15,Chickahominy,127,18,4,Virginia
2020-04-15,Crater,101,12,6,Virginia
2020-04-15,Cumberland Plateau,18,1,0,Virginia
2020-04-15,Eastern Shore,23,10,1,Virginia
2020-04-15,Fairfax,1375,271,31,Virginia
2020-04-15,Hampton,77,19,1,Virginia
2020-04-15,Henrico,497,58,57,Virginia
2020-04-15,Lenowisco,27,9,1,Virginia
2020-04-15,Lord Fairfax,155,14,0,Virginia
2020-04-15,Loudoun,378,42,6,Virginia
2020-04-15,Mount Rogers,50,13,4,Virginia
2020-04-15,New River,45,7,0,Virginia
2020-04-15,Norfolk,105,27,2,Virginia
2020-04-15,Peninsula,294,86,13,Virginia
2020-04-15,Piedmont,74,14,2,Virginia
2020-04-15,Pittsylvania-Danville,27,16,1,Virginia
2020-04-15,Portsmouth,62,23,4,Virginia
2020-04-15,Prince William,660,76,12,Virginia
2020-04-15,Rappahannock,226,45,5,Virginia
2020-04-15,Rappahannock Rapidan,88,15,2,Virginia
2020-04-15,Richmond,188,22,8,Virginia
2020-04-15,Roanoke,24,4,0,Virginia
2020-04-15,Southside,78,14,1,Virginia
2020-04-15,Thomas Jefferson,196,35,4,Virginia
2020-04-15,Three Rivers,54,7,1,Virginia
2020-04-15,Virginia Beach,258,54,5,Virginia
2020-04-15,West Piedmont,23,3,0,Virginia
2020-04-15,Western Tidewater,143,25,3,Virginia
2020-04-14,Alexandria,254,24,4,Virginia
2020-04-14,Alleghany,50,10,2,Virginia
2020-04-14,Arlington,420,44,14,Virginia
2020-04-14,Central Shenandoah,204,15,1,Virginia
2020-04-14,Central Virginia,78,6,1,Virginia
2020-04-14,Chesapeake,140,35,4,Virginia
2020-04-14,Chesterfield,276,24,7,Virginia
2020-04-14,Chickahominy,118,18,4,Virginia
2020-04-14,Crater,103,11,5,Virginia
2020-04-14,Cumberland Plateau,18,1,0,Virginia
2020-04-14,Eastern Shore,19,10,1,Virginia
2020-04-14,Fairfax,1298,256,30,Virginia
2020-04-14,Hampton,75,19,1,Virginia
2020-04-14,Henrico,453,46,52,Virginia
2020-04-14,Lenowisco,24,8,1,Virginia
2020-04-14,Lord Fairfax,153,14,0,Virginia
2020-04-14,Loudoun,367,40,6,Virginia
2020-04-14,Mount Rogers,50,12,4,Virginia
2020-04-14,New River,44,6,0,Virginia
2020-04-14,Norfolk,99,26,2,Virginia
2020-04-14,Peninsula,287,85,12,Virginia
2020-04-14,Piedmont,68,13,2,Virginia
2020-04-14,Pittsylvania-Danville,26,16,1,Virginia
2020-04-14,Portsmouth,59,22,4,Virginia
2020-04-14,Prince William,603,72,11,Virginia
2020-04-14,Rappahannock,209,41,2,Virginia
2020-04-14,Rappahannock Rapidan,80,15,2,Virginia
2020-04-14,Richmond,177,21,8,Virginia
2020-04-14,Roanoke,22,4,0,Virginia
2020-04-14,Southside,73,12,1,Virginia
2020-04-14,Thomas Jefferson,192,33,4,Virginia
2020-04-14,Three Rivers,50,7,1,Virginia
2020-04-14,Virginia Beach,256,54,5,Virginia
2020-04-14,West Piedmont,23,3,0,Virginia
2020-04-14,Western Tidewater,132,25,3,Virginia
2020-04-13,Alexandria,247,23,2,Virginia
2020-04-13,Alleghany,49,10,2,Virginia
2020-04-13,Arlington,401,36,12,Virginia
2020-04-13,Central Shenandoah,186,15,1,Virginia
2020-04-13,Central Virginia,77,6,1,Virginia
2020-04-13,Chesapeake,136,34,3,Virginia
2020-04-13,Chesterfield,262,24,5,Virginia
2020-04-13,Chickahominy,115,16,4,Virginia
2020-04-13,Crater,101,12,6,Virginia
2020-04-13,Cumberland Plateau,18,1,0,Virginia
2020-04-13,Eastern Shore,19,10,1,Virginia
2020-04-13,Fairfax,1207,235,21,Virginia
2020-04-13,Hampton,73,19,1,Virginia
2020-04-13,Henrico,432,40,33,Virginia
2020-04-13,Lenowisco,23,7,1,Virginia
2020-04-13,Lord Fairfax,144,11,0,Virginia
2020-04-13,Loudoun,344,37,5,Virginia
2020-04-13,Mount Rogers,50,12,4,Virginia
2020-04-13,New River,43,6,0,Virginia
2020-04-13,Norfolk,97,24,1,Virginia
2020-04-13,Peninsula,282,83,11,Virginia
2020-04-13,Piedmont,60,11,2,Virginia
2020-04-13,Pittsylvania-Danville,26,16,1,Virginia
2020-04-13,Portsmouth,59,21,4,Virginia
2020-04-13,Prince William,570,68,10,Virginia
2020-04-13,Rappahannock,188,38,2,Virginia
2020-04-13,Rappahannock Rapidan,75,14,2,Virginia
2020-04-13,Richmond,175,20,7,Virginia
2020-04-13,Roanoke,21,3,0,Virginia
2020-04-13,Southside,73,12,1,Virginia
2020-04-13,Thomas Jefferson,163,29,3,Virginia
2020-04-13,Three Rivers,50,7,0,Virginia
2020-04-13,Virginia Beach,252,51,5,Virginia
2020-04-13,West Piedmont,23,3,0,Virginia
2020-04-13,Western Tidewater,130,24,3,Virginia
2020-04-12,Alexandria,235,23,1,Virginia
2020-04-12,Alleghany,50,11,2,Virginia
2020-04-12,Arlington,390,35,11,Virginia
2020-04-12,Central Shenandoah,171,15,1,Virginia
2020-04-12,Central Virginia,76,6,1,Virginia
2020-04-12,Chesapeake,126,31,3,Virginia
2020-04-12,Chesterfield,226,24,5,Virginia
2020-04-12,Chickahominy,99,13,4,Virginia
2020-04-12,Crater,94,12,6,Virginia
2020-04-12,Cumberland Plateau,7,1,0,Virginia
2020-04-12,Eastern Shore,19,10,1,Virginia
2020-04-12,Fairfax,1167,218,21,Virginia
2020-04-12,Hampton,72,19,1,Virginia
2020-04-12,Henrico,397,31,33,Virginia
2020-04-12,Lenowisco,23,6,1,Virginia
2020-04-12,Lord Fairfax,129,10,0,Virginia
2020-04-12,Loudoun,324,35,5,Virginia
2020-04-12,Mount Rogers,51,11,5,Virginia
2020-04-12,New River,42,6,0,Virginia
2020-04-12,Norfolk,99,21,1,Virginia
2020-04-12,Peninsula,273,83,11,Virginia
2020-04-12,Piedmont,59,11,2,Virginia
2020-04-12,Pittsylvania-Danville,25,16,1,Virginia
2020-04-12,Portsmouth,54,18,2,Virginia
2020-04-12,Prince William,485,53,9,Virginia
2020-04-12,Rappahannock,171,37,2,Virginia
2020-04-12,Rappahannock Rapidan,69,12,2,Virginia
2020-04-12,Richmond,167,18,6,Virginia
2020-04-12,Roanoke,21,3,0,Virginia
2020-04-12,Southside,67,12,1,Virginia
2020-04-12,Thomas Jefferson,142,28,3,Virginia
2020-04-12,Three Rivers,48,0,0,Virginia
2020-04-12,Virginia Beach,251,51,5,Virginia
2020-04-12,West Piedmont,22,1,0,Virginia
2020-04-12,Western Tidewater,96,22,3,Virginia
